dataset,method,feature_index,feature,n_real,n_synthetic,real_mean,synthetic_mean,mean_difference,t_statistic,p_value,ks_statistic,p_below_0_05
HIV,Bootstrap,1,spikeProduction_D1D2,91,91,3.140899490524124,3.1445329634697883,0.0036334729456641846,-0.19362800976404726,0.8466858692989779,0.0989010989010989,False
HIV,Bootstrap,2,spikeDecay_D1D2,91,91,0.024470117864209218,0.024434818548488092,-3.529931572112538e-05,0.24978182502396773,0.8030409281332301,0.06593406593406594,False
HIV,Bootstrap,3,spikeProduction_D3,91,91,0.62353461260324,0.6236200876288361,8.547502559619335e-05,-0.14297159252877648,0.8864726481976918,0.06593406593406594,False
HIV,Bootstrap,4,spikeDecay_D3,91,91,0.008703867730858562,0.00869585994303554,-8.007787823021209e-06,0.23294210042061933,0.8160722990681819,0.04395604395604396,False
HIV,Bootstrap,5,RBDProduction_D1D2,91,91,2.404523417189881,2.412220218679407,0.007696801489526006,-0.5080517772637135,0.6120394351286933,0.07692307692307693,False
HIV,Bootstrap,6,RBDDecay_D1D2,91,91,0.021558716197262753,0.021564778022386214,6.06182512346079e-06,-0.17522015062597088,0.8611043837219418,0.07692307692307693,False
HIV,Bootstrap,7,RBDProduction_D3,91,91,0.8169864972869119,0.8172564041483533,0.00026990686144146014,-0.07680088503705204,0.9388674186846016,0.054945054945054944,False
HIV,Bootstrap,8,RBDDecay_D3,91,91,0.011376512891889274,0.011368593467133386,-7.919424755888776e-06,0.2434590640430289,0.8079276922733887,0.07692307692307693,False
HIV,Bootstrap,9,V1_blood_IgGspike,91,91,6.896112140718397,8.029973696876358,1.1338615561579601,-0.959302083431341,0.33870619209773134,0.0989010989010989,False
HIV,Bootstrap,10,V4_blood_IgGspike,91,91,203.0056377518308,211.91632745947157,8.910689707640785,-0.20340137530953276,0.8390519614833617,0.06593406593406594,False
HIV,Bootstrap,11,V4a_blood_IgGspike,91,91,125.34833855812366,134.2659466463131,8.91760808818944,-0.2608643590165145,0.7945224911451738,0.07692307692307693,False
HIV,Bootstrap,12,V6_blood_IgGspike,91,91,924.6595707568493,953.0356494358608,28.37607867901147,-0.40814799484323727,0.6836520830266063,0.054945054945054944,False
HIV,Bootstrap,13,V8_blood_IgGspike,91,91,483.44704525287335,488.7147273178939,5.267682065020551,-0.08235078577862685,0.934459385834433,0.054945054945054944,False
HIV,Bootstrap,14,V8a_blood_IgGspike,91,91,339.3911614889627,332.7662280156062,-6.624933473356521,0.13511731945352654,0.8926707786645197,0.0989010989010989,False
HIV,Bootstrap,15,V8b_blood_IgGspike,91,91,1349.6065938760946,1386.6811282818135,37.07453440571885,-0.8768677793978111,0.38174168881606096,0.07692307692307693,False
HIV,Bootstrap,16,V9_blood_IgGspike,91,91,1015.3168724814614,1003.354740855458,-11.962131626003384,0.17066714573852187,0.8646780488395572,0.06593406593406594,False
HIV,Bootstrap,17,V10_blood_IgGspike,91,91,962.7392485063154,873.5945944314475,-89.14465407486796,1.1144456429547993,0.2665740895965229,0.13186813186813187,False
HIV,Bootstrap,18,V11_blood_IgGspike,91,91,1314.8465629829154,1322.901592883435,8.055029900519457,-0.17335374776903362,0.862569365914344,0.04395604395604396,False
HIV,Bootstrap,19,V1_blood_IgGRBD,91,91,5.13758461029975,6.142148277261755,1.0045636669620048,-0.6855216072053865,0.4940225784553357,0.054945054945054944,False
HIV,Bootstrap,20,V4_blood_IgGRBD,91,91,226.04022855549067,297.0746452362983,71.03441668080762,-0.6838781536341187,0.4950520866797052,0.054945054945054944,False
HIV,Bootstrap,21,V4a_blood_IgGRBD,91,91,159.47874348504203,217.63898431861793,58.1602408335759,-0.5948709682879479,0.5528241882004217,0.07692307692307693,False
HIV,Bootstrap,22,V6_blood_IgGRBD,91,91,1757.633392538343,1837.2803322875893,79.64693974924626,-0.37855229459994466,0.7054664582780242,0.07692307692307693,False
HIV,Bootstrap,23,V8_blood_IgGRBD,91,91,562.1188489578583,594.3948441075755,32.27599514971723,-0.2604043461549827,0.794850943964671,0.054945054945054944,False
HIV,Bootstrap,24,V8a_blood_IgGRBD,91,91,494.1665499446156,507.780719935239,13.614169990623395,-0.10894018174308934,0.9133713981054978,0.07692307692307693,False
HIV,Bootstrap,25,V8b_blood_IgGRBD,91,91,2589.5026994170726,2699.711107647026,110.20840822995342,-0.5869993341981216,0.5579419479708944,0.07692307692307693,False
HIV,Bootstrap,26,V9_blood_IgGRBD,91,91,1610.33636033928,1458.5676180189782,-151.76874232030173,0.6544138859719462,0.5136866275920298,0.06593406593406594,False
HIV,Bootstrap,27,V10_blood_IgGRBD,91,91,1740.3842333646921,1574.0438987344176,-166.34033463027458,0.6479724377687174,0.5178285343641545,0.10989010989010989,False
HIV,Bootstrap,28,V11_blood_IgGRBD,91,91,2435.6731343898145,2341.6543134280614,-94.01882096175314,0.4230161179155598,0.6727892789384837,0.06593406593406594,False
HIV,Bootstrap,29,V4_Saliva_IgGspike,91,91,44.520155346000585,45.48128932386964,0.9611339778690535,-0.2189925482532025,0.8269041367826966,0.04395604395604396,False
HIV,Bootstrap,30,V4_Saliva_IgGRBD,91,91,34.03445494174957,34.72669926187494,0.6922443201253685,-0.13163284306176107,0.8954224329553676,0.06593406593406594,False
HIV,Bootstrap,31,V5_Saliva_IgGspike,91,91,145.75231281021138,151.39708629021277,5.6447734800013905,-0.3459175700474521,0.7298104989118535,0.06593406593406594,False
HIV,Bootstrap,32,V5_Saliva_IgGRBD,91,91,153.54405279473943,157.8294501566625,4.28539736192306,-0.2100598228848958,0.833858577075676,0.04395604395604396,False
HIV,Bootstrap,33,V8_Saliva_IgGspike,91,91,125.64155031200293,137.42026965172735,11.778719339724418,-0.8725226217524188,0.3840865414046404,0.07692307692307693,False
HIV,Bootstrap,34,V8_Saliva_IgGRBD,91,91,122.48972522295438,138.26790793911442,15.778182716160046,-1.0234774783478802,0.3074771969808879,0.07692307692307693,False
HIV,Bootstrap,35,V8b_Saliva_IgGspike,91,91,338.2158605004405,333.36733117470374,-4.848529325736763,0.30055461924958093,0.7641025810025763,0.054945054945054944,False
HIV,Bootstrap,36,V8b_Saliva_IgGRBD,91,91,398.57266855436364,393.1356020013055,-5.437066553058173,0.26136509625752863,0.7941136197221662,0.06593406593406594,False
HIV,Bootstrap,37,V9_Saliva_IgGspike,91,91,223.05881720666702,224.34813923527906,1.2893220286120481,-0.07336812476319146,0.9415947970542857,0.06593406593406594,False
HIV,Bootstrap,38,V9_Saliva_IgGRBD,91,91,255.26088198462685,258.35596685095146,3.095084866324612,-0.1225831303770382,0.9025739708368646,0.054945054945054944,False
HIV,Bootstrap,39,V4_Saliva_IgAspike,91,91,47.108007475570005,48.47005517404158,1.362047698471578,-0.31143525245703385,0.7558325960332085,0.06593406593406594,False
HIV,Bootstrap,40,V4_Saliva_IgARBD,91,91,43.100691578545415,43.9889373595898,0.8882457810443825,-0.20829923684673082,0.8352322970953521,0.054945054945054944,False
HIV,Bootstrap,41,V5_Saliva_IgAspike,91,91,84.73729122602023,88.6160920373686,3.87880081134837,-0.4082251310131758,0.6836018417915669,0.04395604395604396,False
HIV,Bootstrap,42,V5_Saliva_IgARBD,91,91,83.34017392108728,89.26545340739764,5.925279486310359,-0.6471204073802918,0.5183787177874454,0.06593406593406594,False
HIV,Bootstrap,43,V8_Saliva_IgAspike,91,91,51.38416520219583,54.19129370496823,2.8071285027724002,-0.49522393401972625,0.6210509249330192,0.08791208791208792,False
HIV,Bootstrap,44,V8_Saliva_IgARBD,91,91,57.968210541285,65.19694375729823,7.228733216013225,-0.9454676275945375,0.34569040981207133,0.13186813186813187,False
HIV,Bootstrap,45,V8b_Saliva_IgAspike,91,91,46.935210124476924,43.6768546811827,-3.258355443294228,0.807701991674867,0.4203444376133564,0.08791208791208792,False
HIV,Bootstrap,46,V8b_Saliva_IgARBD,91,91,52.45808972107185,53.56930451864724,1.1112147975753928,-0.18983303460098838,0.8496542455057998,0.054945054945054944,False
HIV,Bootstrap,47,V9_Saliva_IgAspike,91,91,27.16994598647068,26.50252686097072,-0.6674191254999613,0.2030837508214388,0.8393006380454666,0.054945054945054944,False
HIV,Bootstrap,48,V9_Saliva_IgARBD,91,91,26.604469154889767,26.71460453298066,0.11013537809089158,-0.017415393366866382,0.9861245923184739,0.0989010989010989,False
HIV,Bootstrap,49,V8_IFNg,91,91,31.1695054599217,32.463049521813026,1.2935440618913248,-0.2678093007974605,0.7891527720370709,0.08791208791208792,False
HIV,Bootstrap,50,V9_IFNg,91,91,78.89835192083002,75.53846174806029,-3.359890172769738,0.24249189683446887,0.8086777865470424,0.07692307692307693,False
HIV,Bootstrap,51,V8_IL2,91,91,130.1841593312693,128.69791735135593,-1.4862419799133875,0.07859145445761025,0.9374448843509015,0.054945054945054944,False
HIV,Bootstrap,52,V9_IL2,91,91,174.50123680030907,178.27967079917153,3.778433998862454,-0.1539360470588638,0.8778326157696071,0.054945054945054944,False
HIV,Bootstrap,53,V9Dual,91,91,19.905494527502373,19.29450551756136,-0.6109890099410151,0.16385538965454727,0.8700293225889271,0.06593406593406594,False
HIV,Bootstrap,54,V8Dual,91,91,8.972802202780167,8.923901065365298,-0.04890113741486957,0.029478746384912893,0.9765154640886126,0.08791208791208792,False
HIV,Bootstrap,55,IFNG_production,91,91,0.09224910548489008,0.0884234373365621,-0.003825668148327979,0.30137500011265717,0.7634767336031788,0.054945054945054944,False
HIV,Bootstrap,56,Il2_production,91,91,0.2338140260551002,0.2261637215922167,-0.007650304462883506,0.38215981099827556,0.7027970295800966,0.08791208791208792,False
HIV,Bootstrap,57,RATIO_CD4CD8,91,91,1.2654785350128845,1.333057783462189,0.06757924844930452,-0.44594944611459025,0.6561749812213156,0.08791208791208792,False
HIV,Bootstrap,58,V8Neut,91,91,265.0976501297165,279.5637516189407,14.46610148922423,-0.28726854427164916,0.7742376457251549,0.07692307692307693,False
HIV,Bootstrap,59,V9Neut,91,91,935.7140911647251,893.9259090213985,-41.788182143326594,0.29704203317522176,0.7667805353458027,0.06593406593406594,False
HIV,Bootstrap,60,V7_ACE2,91,91,334.41255225716054,331.43667845673616,-2.975873800424381,0.05941975627820266,0.9526847216529268,0.07692307692307693,False
HIV,Bootstrap,61,V8_ACE2,91,91,136.17588026444992,125.73916760119764,-10.43671266325228,0.5448939653895754,0.5865619849765111,0.07692307692307693,False
HIV,Bootstrap,62,V8b_ACE2,91,91,694.1192100441062,718.314469054505,24.195259010398786,-0.35567089904423305,0.72250449176731,0.07692307692307693,False
HIV,Bootstrap,63,V9_ACE2,91,91,523.224073766352,444.5580116104294,-78.66606215592265,1.1407385237751024,0.25556464594190703,0.12087912087912088,False
HIV,Column-wise,1,spikeProduction_D1D2,91,91,3.140899490524124,3.136616588948847,-0.004282901575276998,0.21958616158309507,0.82644260581751,0.054945054945054944,False
HIV,Column-wise,2,spikeDecay_D1D2,91,91,0.024470117864209218,0.024364004791765422,-0.00010611307244379545,0.757677256320623,0.4496357101557816,0.08791208791208792,False
HIV,Column-wise,3,spikeProduction_D3,91,91,0.62353461260324,0.6236627311496944,0.00012811854645444765,-0.21028583475146617,0.8336824665738201,0.04395604395604396,False
HIV,Column-wise,4,spikeDecay_D3,91,91,0.008703867730858562,0.008716893484713613,1.3025753855051142e-05,-0.34837495356284276,0.7279694924310988,0.10989010989010989,False
HIV,Column-wise,5,RBDProduction_D1D2,91,91,2.404523417189881,2.4004249546554064,-0.004098462534474656,0.26317326783017764,0.7927198185891032,0.054945054945054944,False
HIV,Column-wise,6,RBDDecay_D1D2,91,91,0.021558716197262753,0.021568406659823198,9.690462560444507e-06,-0.29254905146419047,0.7702124007067624,0.06593406593406594,False
HIV,Column-wise,7,RBDProduction_D3,91,91,0.8169864972869119,0.8153310516378381,-0.0016554456490737168,0.5055017335997743,0.6138310545868212,0.06593406593406594,False
HIV,Column-wise,8,RBDDecay_D3,91,91,0.011376512891889274,0.011382513955890477,6.001064001202178e-06,-0.17211662854521217,0.8635406651615786,0.054945054945054944,False
HIV,Column-wise,9,V1_blood_IgGspike,91,91,6.896112140718397,6.621845114362109,-0.27426702635628875,0.2503490116243461,0.8026036195843046,0.054945054945054944,False
HIV,Column-wise,10,V4_blood_IgGspike,91,91,203.0056377518308,155.2334450653621,-47.772192686468685,1.238673528797458,0.21715063785840513,0.10989010989010989,False
HIV,Column-wise,11,V4a_blood_IgGspike,91,91,125.34833855812366,146.04053040913172,20.69219185100806,-0.7057277837962883,0.48127217060502286,0.0989010989010989,False
HIV,Column-wise,12,V6_blood_IgGspike,91,91,924.6595707568493,917.0238807175185,-7.635690039330825,0.10521506653963952,0.9163223756168066,0.04395604395604396,False
HIV,Column-wise,13,V8_blood_IgGspike,91,91,483.44704525287335,527.9199147905622,44.47286953768884,-0.6882249339814185,0.4921973140311301,0.07692307692307693,False
HIV,Column-wise,14,V8a_blood_IgGspike,91,91,339.3911614889627,296.50283293671663,-42.888328552246094,0.9597314647322917,0.3385822270953263,0.054945054945054944,False
HIV,Column-wise,15,V8b_blood_IgGspike,91,91,1349.6065938760946,1301.58313868596,-48.023455190134655,0.9810648278499593,0.32791597661360594,0.0989010989010989,False
HIV,Column-wise,16,V9_blood_IgGspike,91,91,1015.3168724814614,947.7363938551682,-67.58047862629314,0.9197978310053574,0.3589104346529795,0.07692307692307693,False
HIV,Column-wise,17,V10_blood_IgGspike,91,91,962.7392485063154,979.0684579702524,16.32920946393699,-0.20029194331909175,0.8414789231495169,0.07692307692307693,False
HIV,Column-wise,18,V11_blood_IgGspike,91,91,1314.8465629829154,1312.9028545002361,-1.9437084826793125,0.04060761291718369,0.9676537326981857,0.03296703296703297,False
HIV,Column-wise,19,V1_blood_IgGRBD,91,91,5.13758461029975,4.68596488564879,-0.4516197246509597,0.458457975332169,0.6472548307879058,0.03296703296703297,False
HIV,Column-wise,20,V4_blood_IgGRBD,91,91,226.04022855549067,184.93572098868233,-41.10450756680834,0.6090834486656542,0.543422350461598,0.06593406593406594,False
HIV,Column-wise,21,V4a_blood_IgGRBD,91,91,159.47874348504203,91.55209387789716,-67.92664960714487,1.272689690341843,0.20599232020225733,0.06593406593406594,False
HIV,Column-wise,22,V6_blood_IgGRBD,91,91,1757.633392538343,1677.9152304418794,-79.71816209646363,0.3860140090572474,0.6999428655168902,0.054945054945054944,False
HIV,Column-wise,23,V8_blood_IgGRBD,91,91,562.1188489578583,637.7652251799028,75.64637622204452,-0.5982627889214488,0.5504249411513666,0.07692307692307693,False
HIV,Column-wise,24,V8a_blood_IgGRBD,91,91,494.1665499446156,521.9809463155138,27.814396370898237,-0.21170088011402707,0.8325835290135876,0.06593406593406594,False
HIV,Column-wise,25,V8b_blood_IgGRBD,91,91,2589.5026994170726,2776.205087179666,186.7023877625934,-0.9828659596493461,0.3269939328690594,0.08791208791208792,False
HIV,Column-wise,26,V9_blood_IgGRBD,91,91,1610.33636033928,1537.363061124152,-72.97329921512801,0.312180895123013,0.7552660989436129,0.054945054945054944,False
HIV,Column-wise,27,V10_blood_IgGRBD,91,91,1740.3842333646921,1791.940142406212,51.55590904151995,-0.20350471289718125,0.8389705004057232,0.07692307692307693,False
HIV,Column-wise,28,V11_blood_IgGRBD,91,91,2435.6731343898145,2177.694633426247,-257.9785009635675,1.1367148008669383,0.2571685614257013,0.10989010989010989,False
HIV,Column-wise,29,V4_Saliva_IgGspike,91,91,44.520155346000585,45.54651044489263,1.0263550988920471,-0.2470008466438381,0.8051911575248634,0.054945054945054944,False
HIV,Column-wise,30,V4_Saliva_IgGRBD,91,91,34.03445494174957,32.20439574482677,-1.8300591969228037,0.33864370345926925,0.7352729196690067,0.0989010989010989,False
HIV,Column-wise,31,V5_Saliva_IgGspike,91,91,145.75231281021138,161.27869424715146,15.526381436940085,-0.9182298185512586,0.35974868279587563,0.06593406593406594,False
HIV,Column-wise,32,V5_Saliva_IgGRBD,91,91,153.54405279473943,158.90790512797597,5.363852333236537,-0.26026780906926544,0.7949549200493707,0.054945054945054944,False
HIV,Column-wise,33,V8_Saliva_IgGspike,91,91,125.64155031200293,117.74463533045171,-7.89691498155122,0.5987405163996194,0.5500989767694867,0.0989010989010989,False
HIV,Column-wise,34,V8_Saliva_IgGRBD,91,91,122.48972522295438,116.41754376757275,-6.0721814553816245,0.4375556792155323,0.6622362641853979,0.06593406593406594,False
HIV,Column-wise,35,V8b_Saliva_IgGspike,91,91,338.2158605004405,344.14460657979106,5.92874607935056,-0.3761274592813347,0.7072653261252309,0.10989010989010989,False
HIV,Column-wise,36,V8b_Saliva_IgGRBD,91,91,398.57266855436364,396.1769769237592,-2.3956916306044604,0.12491738647476668,0.9007286129518608,0.04395604395604396,False
HIV,Column-wise,37,V9_Saliva_IgGspike,91,91,223.05881720666702,208.66333156627613,-14.395485640390888,0.8670853707307048,0.38705568375718497,0.12087912087912088,False
HIV,Column-wise,38,V9_Saliva_IgGRBD,91,91,255.26088198462685,292.1360487990327,36.87516681440587,-1.4451899380243576,0.1501437656331599,0.13186813186813187,False
HIV,Column-wise,39,V4_Saliva_IgAspike,91,91,47.108007475570005,45.86472897215204,-1.2432785034179688,0.3010644271021,0.7637287241827405,0.07692307692307693,False
HIV,Column-wise,40,V4_Saliva_IgARBD,91,91,43.100691578545415,43.04655600838609,-0.054135570159324686,0.014648010409913127,0.9883300505256427,0.10989010989010989,False
HIV,Column-wise,41,V5_Saliva_IgAspike,91,91,84.73729122602023,77.67667179317264,-7.060619432847588,0.8403622285737096,0.40183417649749403,0.15384615384615385,False
HIV,Column-wise,42,V5_Saliva_IgARBD,91,91,83.34017392108728,81.60172257711599,-1.7384513439712919,0.18624605892342763,0.8524621982142386,0.07692307692307693,False
HIV,Column-wise,43,V8_Saliva_IgAspike,91,91,51.38416520219583,56.04916367688022,4.664998474684388,-0.7965184545915511,0.4268028236210094,0.07692307692307693,False
HIV,Column-wise,44,V8_Saliva_IgARBD,91,91,57.968210541285,66.39521269745879,8.427002156173785,-0.9172302476755632,0.3603419579057215,0.0989010989010989,False
HIV,Column-wise,45,V8b_Saliva_IgAspike,91,91,46.935210124476924,46.318018632930716,-0.6171914915462082,0.1522653434628666,0.8791503579559755,0.04395604395604396,False
HIV,Column-wise,46,V8b_Saliva_IgARBD,91,91,52.45808972107185,49.907579644695744,-2.5505100763761064,0.4283600213232078,0.6689039530709652,0.10989010989010989,False
HIV,Column-wise,47,V9_Saliva_IgAspike,91,91,27.16994598647068,25.396423723180217,-1.773522263290463,0.5298267172017481,0.5968863950322205,0.054945054945054944,False
HIV,Column-wise,48,V9_Saliva_IgARBD,91,91,26.604469154889767,29.999386588623235,3.394917433733468,-0.5079060971742005,0.6121425186808342,0.08791208791208792,False
HIV,Column-wise,49,V8_IFNg,91,91,31.1695054599217,32.39725276926062,1.2277473093389162,-0.2729054989469443,0.7852470512841274,0.06593406593406594,False
HIV,Column-wise,50,V9_IFNg,91,91,78.89835192083002,60.567857511750944,-18.33049440907908,1.4789179114847275,0.14115254083062276,0.0989010989010989,False
HIV,Column-wise,51,V8_IL2,91,91,130.1841593312693,137.78130294464447,7.597143613375152,-0.39013335342763744,0.6969007732405881,0.07692307692307693,False
HIV,Column-wise,52,V9_IL2,91,91,174.50123680030907,191.5945058130956,17.09326901278652,-0.6351147151708122,0.5261839926534502,0.06593406593406594,False
HIV,Column-wise,53,V9Dual,91,91,19.905494527502373,20.29478023340414,0.3892857059017665,-0.09968258743626691,0.9207074417846581,0.07692307692307693,False
HIV,Column-wise,54,V8Dual,91,91,8.972802202780167,9.634615405575259,0.6618132027950914,-0.35224943430395916,0.7250788820802505,0.054945054945054944,False
HIV,Column-wise,55,IFNG_production,91,91,0.09224910548489008,0.1056779013936418,0.01342879590875172,-0.9415746161746733,0.34771525793392016,0.07692307692307693,False
HIV,Column-wise,56,Il2_production,91,91,0.2338140260551002,0.21963390175785338,-0.014180124297246827,0.756025796365141,0.45062361484871544,0.08791208791208792,False
HIV,Column-wise,57,RATIO_CD4CD8,91,91,1.2654785350128845,1.2618334183653632,-0.003645116647521318,0.026022358336024454,0.9792684168613176,0.04395604395604396,False
HIV,Column-wise,58,V8Neut,91,91,265.0976501297165,271.14096239110927,6.043312261392771,-0.12439859572112458,0.9011386440884906,0.07692307692307693,False
HIV,Column-wise,59,V9Neut,91,91,935.7140911647251,897.3476543216915,-38.366436843033625,0.25876989131557854,0.7961084773332106,0.06593406593406594,False
HIV,Column-wise,60,V7_ACE2,91,91,334.41255225716054,346.2806858859219,11.86813362876137,-0.22630547788791666,0.8212207877532647,0.054945054945054944,False
HIV,Column-wise,61,V8_ACE2,91,91,136.17588026444992,152.2028411613716,16.02696089692168,-0.6629909008086645,0.5082129350542849,0.08791208791208792,False
HIV,Column-wise,62,V8b_ACE2,91,91,694.1192100441062,637.4178556505141,-56.70135439359217,0.8376476944111529,0.40334329647842165,0.08791208791208792,False
HIV,Column-wise,63,V9_ACE2,91,91,523.224073766352,577.100037920606,53.87596415425401,-0.6824362273109483,0.49584502905416256,0.07692307692307693,False
HIV,CVAE,1,spikeProduction_D1D2,91,91,3.140899490524124,3.1400694165910994,-0.0008300739330246998,0.05702404705043817,0.9546230518443878,0.3076923076923077,False
HIV,CVAE,2,spikeDecay_D1D2,91,91,0.024470117864209218,0.024454792838666466,-1.5325025542752002e-05,0.14153634517328753,0.8876861230902773,0.23076923076923078,False
HIV,CVAE,3,spikeProduction_D3,91,91,0.62353461260324,0.6234511471056676,-8.346549757232147e-05,0.18565275731503508,0.8530649451104811,0.25274725274725274,False
HIV,CVAE,4,spikeDecay_D3,91,91,0.008703867730858562,0.008676871278701903,-2.6996452156658954e-05,1.0225722814990015,0.30878667025175577,0.27472527472527475,False
HIV,CVAE,5,RBDProduction_D1D2,91,91,2.404523417189881,2.3993529906639686,-0.005170426525912486,0.4685726997135467,0.6403402136100653,0.2967032967032967,False
HIV,CVAE,6,RBDDecay_D1D2,91,91,0.021558716197262753,0.021593405220371027,3.468902310827318e-05,-1.3207109434726592,0.18946735569313525,0.3516483516483517,False
HIV,CVAE,7,RBDProduction_D3,91,91,0.8169864972869119,0.818767215524401,0.001780718237489154,-0.7083463154733736,0.4803326919217652,0.25274725274725274,False
HIV,CVAE,8,RBDDecay_D3,91,91,0.011376512891889274,0.011360376336417356,-1.613655547191839e-05,0.6543827124690088,0.5142681514377982,0.3516483516483517,False
HIV,CVAE,9,V1_blood_IgGspike,91,91,6.896112140718397,6.535444547841837,-0.3606675928765606,0.4427909636158515,0.658874116110683,0.3956043956043956,False
HIV,CVAE,10,V4_blood_IgGspike,91,91,203.0056377518308,166.90623331593943,-36.09940443589136,1.1580547827934968,0.24948898997576152,0.31868131868131866,False
HIV,CVAE,11,V4a_blood_IgGspike,91,91,125.34833855812366,97.11842518062382,-28.22991337749984,1.3644220591911633,0.17553126021909396,0.2967032967032967,False
HIV,CVAE,12,V6_blood_IgGspike,91,91,924.6595707568493,885.3571177052928,-39.30245305155654,0.7087608856685033,0.4798033613920303,0.3626373626373626,False
HIV,CVAE,13,V8_blood_IgGspike,91,91,483.44704525287335,411.20974614070013,-72.23729911217322,1.4321192127826712,0.15460884070438238,0.2967032967032967,False
HIV,CVAE,14,V8a_blood_IgGspike,91,91,339.3911614889627,255.23729512979696,-84.15386635916576,2.1889267990882386,0.030592844494050284,0.2087912087912088,True
HIV,CVAE,15,V8b_blood_IgGspike,91,91,1349.6065938760946,1413.2513870406938,63.64479316459915,-1.8779628494746816,0.06286588877806001,0.25274725274725274,False
HIV,CVAE,16,V9_blood_IgGspike,91,91,1015.3168724814614,1052.1900346357743,36.87316215431292,-0.6667313527348233,0.5062321430725789,0.4065934065934066,False
HIV,CVAE,17,V10_blood_IgGspike,91,91,962.7392485063154,844.2853604830228,-118.45388802329262,2.0104626668339836,0.04688471688390027,0.4835164835164835,True
HIV,CVAE,18,V11_blood_IgGspike,91,91,1314.8465629829154,1325.7503145658052,10.903751582889754,-0.29169340292756435,0.7710059453646892,0.5494505494505495,False
HIV,CVAE,19,V1_blood_IgGRBD,91,91,5.13758461029975,5.388901249393002,0.2513166390932522,-0.28981175254558994,0.7724946377510223,0.34065934065934067,False
HIV,CVAE,20,V4_blood_IgGRBD,91,91,226.04022855549067,147.48274398636033,-78.55748456913034,1.322198139210796,0.18920900971138457,0.24175824175824176,False
HIV,CVAE,21,V4a_blood_IgGRBD,91,91,159.47874348504203,83.44714544107626,-76.03159804396577,1.4652379747599444,0.14624559593230288,0.1978021978021978,False
HIV,CVAE,22,V6_blood_IgGRBD,91,91,1757.633392538343,1620.1949308625944,-137.4384616757486,0.8435390654657574,0.4005482420012687,0.27472527472527475,False
HIV,CVAE,23,V8_blood_IgGRBD,91,91,562.1188489578583,360.6336242340423,-201.48522472381597,2.2517590762646824,0.026302710015386862,0.17582417582417584,True
HIV,CVAE,24,V8a_blood_IgGRBD,91,91,494.1665499446156,284.38609297196945,-209.78045697264616,2.2953572500654134,0.02363706945248245,0.0989010989010989,True
HIV,CVAE,25,V8b_blood_IgGRBD,91,91,2589.5026994170726,2660.238536122081,70.7358367050083,-0.4852983192828857,0.6283875859396569,0.2967032967032967,False
HIV,CVAE,26,V9_blood_IgGRBD,91,91,1610.33636033928,1518.0899866125085,-92.24637372677148,0.4931490662240856,0.6227771675612375,0.3956043956043956,False
HIV,CVAE,27,V10_blood_IgGRBD,91,91,1740.3842333646921,1457.038302578769,-283.3459307859232,1.4774688334679826,0.1423397336242071,0.3956043956043956,False
HIV,CVAE,28,V11_blood_IgGRBD,91,91,2435.6731343898145,2481.888663826408,46.21552943659344,-0.2645832860765811,0.7917749449471692,0.31868131868131866,False
HIV,CVAE,29,V4_Saliva_IgGspike,91,91,44.520155346000585,42.19181046119103,-2.328344884809553,0.7191058848160992,0.47358817709406903,0.26373626373626374,False
HIV,CVAE,30,V4_Saliva_IgGRBD,91,91,34.03445494174957,29.810892157502227,-4.2235627842473455,1.0271647882373591,0.3064938493969385,0.2967032967032967,False
HIV,CVAE,31,V5_Saliva_IgGspike,91,91,145.75231281021138,146.698486160446,0.9461733502346306,-0.07702955747679846,0.9387211341357892,0.26373626373626374,False
HIV,CVAE,32,V5_Saliva_IgGRBD,91,91,153.54405279473943,148.9174069415082,-4.626645853231224,0.296413035692678,0.7674210020210271,0.27472527472527475,False
HIV,CVAE,33,V8_Saliva_IgGspike,91,91,125.64155031200293,117.75310160039545,-7.888448711607481,0.762637251834033,0.4471101822084571,0.23076923076923078,False
HIV,CVAE,34,V8_Saliva_IgGRBD,91,91,122.48972522295438,121.31766099196214,-1.172064230992234,0.10451314792687275,0.916928056224257,0.26373626373626374,False
HIV,CVAE,35,V8b_Saliva_IgGspike,91,91,338.2158605004405,351.65110963255495,13.43524913211445,-1.1336698116922153,0.25923713532764303,0.2087912087912088,False
HIV,CVAE,36,V8b_Saliva_IgGRBD,91,91,398.57266855436364,414.0143865229009,15.441717968537262,-1.0233791462274422,0.30814563729677247,0.16483516483516483,False
HIV,CVAE,37,V9_Saliva_IgGspike,91,91,223.05881720666702,225.14727581988325,2.0884586132162326,-0.15707431827112844,0.8754417344848952,0.24175824175824176,False
HIV,CVAE,38,V9_Saliva_IgGRBD,91,91,255.26088198462685,256.90166850666424,1.6407865220373878,-0.08455937416905283,0.93275146690105,0.27472527472527475,False
HIV,CVAE,39,V4_Saliva_IgAspike,91,91,47.108007475570005,45.17361030997811,-1.9343971655918963,0.5761662120410905,0.5657252241690123,0.25274725274725274,False
HIV,CVAE,40,V4_Saliva_IgARBD,91,91,43.100691578545415,41.900613197913536,-1.2000783806318793,0.37640022760137426,0.707248540325668,0.1978021978021978,False
HIV,CVAE,41,V5_Saliva_IgAspike,91,91,84.73729122602023,84.00301008958083,-0.7342811364394066,0.10623420114451938,0.915563726863393,0.25274725274725274,False
HIV,CVAE,42,V5_Saliva_IgARBD,91,91,83.34017392108728,85.2138788831103,1.8737049620230124,-0.26135646230581366,0.7942238480287303,0.31868131868131866,False
HIV,CVAE,43,V8_Saliva_IgAspike,91,91,51.38416520219583,49.58044236570924,-1.8037228364865925,0.4495439609991843,0.653940294897682,0.2087912087912088,False
HIV,CVAE,44,V8_Saliva_IgARBD,91,91,57.968210541285,52.80165728893909,-5.1665532523459134,0.8829449273732345,0.37917243627221736,0.23076923076923078,False
HIV,CVAE,45,V8b_Saliva_IgAspike,91,91,46.935210124476924,45.31244221362439,-1.622767910852538,0.502226949486023,0.6164674297636421,0.25274725274725274,False
HIV,CVAE,46,V8b_Saliva_IgARBD,91,91,52.45808972107185,48.44616036886697,-4.011929352204881,0.8951012524172851,0.37240850894530786,0.24175824175824176,False
HIV,CVAE,47,V9_Saliva_IgAspike,91,91,27.16994598647068,27.05261183309031,-0.11733415338036934,0.0450177449653707,0.9641693427884398,0.2967032967032967,False
HIV,CVAE,48,V9_Saliva_IgARBD,91,91,26.604469154889767,24.10943053318904,-2.4950386217007257,0.5269723556317044,0.599380696919778,0.3516483516483517,False
HIV,CVAE,49,V8_IFNg,91,91,31.1695054599217,35.035155034327246,3.865649574405545,-0.98217857504743,0.3276861837875975,0.4065934065934066,False
HIV,CVAE,50,V9_IFNg,91,91,78.89835192083002,80.09669959938134,1.1983476785513147,-0.1048347219385394,0.9166676275527805,0.3626373626373626,False
HIV,CVAE,51,V8_IL2,91,91,130.1841593312693,131.90382712227958,1.7196677910102665,-0.11223027115388681,0.9107998146628098,0.26373626373626374,False
HIV,CVAE,52,V9_IL2,91,91,174.50123680030907,176.51229741023138,2.0110606099223105,-0.098441489891879,0.9217121524890481,0.24175824175824176,False
HIV,CVAE,53,V9Dual,91,91,19.905494527502373,20.444105881911057,0.5386113544086832,-0.17726329923360667,0.8595689065073546,0.34065934065934067,False
HIV,CVAE,54,V8Dual,91,91,8.972802202780167,10.067877800910027,1.0950755981298599,-0.8099965571834059,0.4193410483541019,0.32967032967032966,False
HIV,CVAE,55,IFNG_production,91,91,0.09224910548489008,0.09613385301206138,0.0038847475271713006,-0.3790410338619383,0.7052539591155852,0.3516483516483517,False
HIV,CVAE,56,Il2_production,91,91,0.2338140260551002,0.23355682407106673,-0.00025720198403347827,0.01662354562085468,0.9867604986307065,0.2087912087912088,False
HIV,CVAE,57,RATIO_CD4CD8,91,91,1.2654785350128845,1.380207468520154,0.11472893350726943,-1.0266448967624067,0.3065578557772476,0.34065934065934067,False
HIV,CVAE,58,V8Neut,91,91,265.0976501297165,252.6532705118368,-12.44437961787969,0.3211468170649069,0.7486161662436535,0.3626373626373626,False
HIV,CVAE,59,V9Neut,91,91,935.7140911647251,879.692888867724,-56.02120229700108,0.4914845032667488,0.6239589762401809,0.43956043956043955,False
HIV,CVAE,60,V7_ACE2,91,91,334.41255225716054,267.0987974732787,-67.31375478388185,1.6831595885123152,0.09508926163419001,0.21978021978021978,False
HIV,CVAE,61,V8_ACE2,91,91,136.17588026444992,111.209349831382,-24.966530433067916,1.5157980427010498,0.13233440430455756,0.4175824175824176,False
HIV,CVAE,62,V8b_ACE2,91,91,694.1192100441062,689.1779084258027,-4.941301618303555,0.09366085906113843,0.9255402405133408,0.3516483516483517,False
HIV,CVAE,63,V9_ACE2,91,91,523.224073766352,487.1184667230962,-36.105607043255816,0.6073726131613635,0.5446783698317189,0.32967032967032966,False
HIV,GMM,1,spikeProduction_D1D2,91,91,3.140899490524124,3.127911546728113,-0.012987943796010981,0.6596296639288012,0.5103370439769369,0.10989010989010989,False
HIV,GMM,2,spikeDecay_D1D2,91,91,0.024470117864209218,0.024961866159503767,0.0004917482952945494,-0.4882171010398908,0.6265601536151698,0.4945054945054945,False
HIV,GMM,3,spikeProduction_D3,91,91,0.62353461260324,0.6248116473575215,0.0012770347542815363,-1.1170890433112866,0.26621355034044303,0.2857142857142857,False
HIV,GMM,4,spikeDecay_D3,91,91,0.008703867730858562,0.007758212983250045,-0.0009456547476085165,0.9234259378728261,0.35825142419131617,0.4945054945054945,False
HIV,GMM,5,RBDProduction_D1D2,91,91,2.404523417189881,2.402210678373064,-0.0023127388168169283,0.15966005658285098,0.873328684392112,0.17582417582417584,False
HIV,GMM,6,RBDDecay_D1D2,91,91,0.021558716197262753,0.019795298685094567,-0.001763417512168186,1.778461882954359,0.07870052123757265,0.5494505494505495,False
HIV,GMM,7,RBDProduction_D3,91,91,0.8169864972869119,0.8138869221393878,-0.003099575147524014,0.8279180569541358,0.40884077389881923,0.21978021978021978,False
HIV,GMM,8,RBDDecay_D3,91,91,0.011376512891889274,0.011305907699709548,-7.060519217972662e-05,0.06988104827472362,0.9444432073651757,0.5054945054945055,False
HIV,GMM,9,V1_blood_IgGspike,91,91,6.896112140718397,7.677147901320195,0.7810357606017977,-0.7509881948599219,0.4536663164020212,0.2857142857142857,False
HIV,GMM,10,V4_blood_IgGspike,91,91,203.0056377518308,162.42216957925442,-40.583468172576374,1.0057768131527836,0.3158881816994229,0.21978021978021978,False
HIV,GMM,11,V4a_blood_IgGspike,91,91,125.34833855812366,97.46758627105545,-27.880752287068205,1.003507482717577,0.3169675060162747,0.12087912087912088,False
HIV,GMM,12,V6_blood_IgGspike,91,91,924.6595707568493,892.8392938467173,-31.820276910132065,0.4093321040787252,0.6827934392441883,0.15384615384615385,False
HIV,GMM,13,V8_blood_IgGspike,91,91,483.44704525287335,440.9180362984374,-42.52900895443594,0.6025280032264877,0.5475980482963916,0.17582417582417584,False
HIV,GMM,14,V8a_blood_IgGspike,91,91,339.3911614889627,334.9595110678411,-4.431650421121617,0.08532170596497263,0.9321006876078729,0.17582417582417584,False
HIV,GMM,15,V8b_blood_IgGspike,91,91,1349.6065938760946,1315.7046458485363,-33.90194802755832,0.7485303534734911,0.45511825079643037,0.3516483516483517,False
HIV,GMM,16,V9_blood_IgGspike,91,91,1015.3168724814614,988.3861018589565,-26.930770622504838,0.36495731329890996,0.7155723060897379,0.2087912087912088,False
HIV,GMM,17,V10_blood_IgGspike,91,91,962.7392485063154,932.4679905398862,-30.27125796642929,0.410340484777798,0.6820568960900959,0.37362637362637363,False
HIV,GMM,18,V11_blood_IgGspike,91,91,1314.8465629829154,1317.803982242123,2.9574192592076542,-0.059855529954620026,0.9523372421203441,0.32967032967032966,False
HIV,GMM,19,V1_blood_IgGRBD,91,91,5.13758461029975,5.771434587764216,0.6338499774644664,-0.5825082537867159,0.5609653087243943,0.4065934065934066,False
HIV,GMM,20,V4_blood_IgGRBD,91,91,226.04022855549067,139.2817544734085,-86.75847408208216,1.056785260166482,0.29202593769459684,0.25274725274725274,False
HIV,GMM,21,V4a_blood_IgGRBD,91,91,159.47874348504203,79.78226334904576,-79.69648013599627,1.0932779734191778,0.27573274215695676,0.17582417582417584,False
HIV,GMM,22,V6_blood_IgGRBD,91,91,1757.633392538343,1605.9455490033706,-151.68784353497244,0.6691591979276328,0.5042674276312932,0.18681318681318682,False
HIV,GMM,23,V8_blood_IgGRBD,91,91,562.1188489578583,447.82333019801547,-114.29551875984282,0.9835377494606996,0.3266676621128932,0.21978021978021978,False
HIV,GMM,24,V8a_blood_IgGRBD,91,91,494.1665499446156,446.149115084824,-48.01743485979159,0.39244283494033094,0.6951954096905039,0.25274725274725274,False
HIV,GMM,25,V8b_blood_IgGRBD,91,91,2589.5026994170726,2486.18351494087,-103.31918447620274,0.5407184390749151,0.5893703922435237,0.0989010989010989,False
HIV,GMM,26,V9_blood_IgGRBD,91,91,1610.33636033928,1584.2663814418918,-26.069978897388182,0.10919498606091008,0.9131695468445252,0.18681318681318682,False
HIV,GMM,27,V10_blood_IgGRBD,91,91,1740.3842333646921,1605.0371194776599,-135.34711388703226,0.5349760970619041,0.5933268788639569,0.17582417582417584,False
HIV,GMM,28,V11_blood_IgGRBD,91,91,2435.6731343898145,2411.760366838057,-23.912767551757497,0.10275628165444342,0.9182710874016817,0.15384615384615385,False
HIV,GMM,29,V4_Saliva_IgGspike,91,91,44.520155346000585,40.269308299153714,-4.2508470468468715,1.0255398497893868,0.30649633342294896,0.08791208791208792,False
HIV,GMM,30,V4_Saliva_IgGRBD,91,91,34.03445494174957,31.22690352192868,-2.807551419820893,0.5476258679301491,0.584637885024849,0.10989010989010989,False
HIV,GMM,31,V5_Saliva_IgGspike,91,91,145.75231281021138,118.08614842970293,-27.666164380508448,1.7326305651333251,0.08487536739713322,0.14285714285714285,False
HIV,GMM,32,V5_Saliva_IgGRBD,91,91,153.54405279473943,112.74262519590147,-40.80142759883796,2.1088262770299697,0.036357648717958914,0.2087912087912088,True
HIV,GMM,33,V8_Saliva_IgGspike,91,91,125.64155031200293,118.55084200219794,-7.090708309804995,0.5002707093913629,0.6175038713230308,0.15384615384615385,False
HIV,GMM,34,V8_Saliva_IgGRBD,91,91,122.48972522295438,104.40285503798789,-18.086870184966486,1.225097382771858,0.2221426539036124,0.18681318681318682,False
HIV,GMM,35,V8b_Saliva_IgGspike,91,91,338.2158605004405,316.99225014906665,-21.22361035137385,1.363229998711834,0.1745127716308756,0.18681318681318682,False
HIV,GMM,36,V8b_Saliva_IgGRBD,91,91,398.57266855436364,373.92338423676546,-24.649284317598187,1.26865232309431,0.20620373398511507,0.18681318681318682,False
HIV,GMM,37,V9_Saliva_IgGspike,91,91,223.05881720666702,215.16166876174591,-7.8971484449211005,0.4529961841666129,0.6510974605415677,0.0989010989010989,False
HIV,GMM,38,V9_Saliva_IgGRBD,91,91,255.26088198462685,251.4195705455738,-3.841311439053044,0.14874920087446147,0.881918332246849,0.0989010989010989,False
HIV,GMM,39,V4_Saliva_IgAspike,91,91,47.108007475570005,42.386034172314865,-4.72197330325514,1.033067289007045,0.30295852492866815,0.14285714285714285,False
HIV,GMM,40,V4_Saliva_IgARBD,91,91,43.100691578545415,40.43227286489455,-2.6684187136508655,0.6658571597230223,0.506356389101459,0.13186813186813187,False
HIV,GMM,41,V5_Saliva_IgAspike,91,91,84.73729122602023,70.66882024492536,-14.068470981094876,1.698963210852293,0.0910900186475412,0.13186813186813187,False
HIV,GMM,42,V5_Saliva_IgARBD,91,91,83.34017392108728,73.74269403287998,-9.597479888207303,1.0579768083537655,0.29148376094350253,0.14285714285714285,False
HIV,GMM,43,V8_Saliva_IgAspike,91,91,51.38416520219583,45.63944791634004,-5.744717285855792,1.0494336417855117,0.295386361449257,0.14285714285714285,False
HIV,GMM,44,V8_Saliva_IgARBD,91,91,57.968210541285,58.061402909703304,0.09319236841830048,-0.011615907440078108,0.990744950565939,0.15384615384615385,False
HIV,GMM,45,V8b_Saliva_IgAspike,91,91,46.935210124476924,48.16877930766933,1.233569183192408,-0.297829008272047,0.7661786279586326,0.0989010989010989,False
HIV,GMM,46,V8b_Saliva_IgARBD,91,91,52.45808972107185,55.29135537737019,2.8332656562983374,-0.49486677413533603,0.6212976664976734,0.16483516483516483,False
HIV,GMM,47,V9_Saliva_IgAspike,91,91,27.16994598647068,26.279974539733523,-0.8899714467371567,0.26773254833723154,0.7892128803520501,0.07692307692307693,False
HIV,GMM,48,V9_Saliva_IgARBD,91,91,26.604469154889767,29.640176602772303,3.0357074478825368,-0.48886835548820473,0.6255361710792291,0.14285714285714285,False
HIV,GMM,49,V8_IFNg,91,91,31.1695054599217,26.142352450679947,-5.027153009241754,1.1142254968120997,0.26670447096623506,0.10989010989010989,False
HIV,GMM,50,V9_IFNg,91,91,78.89835192083002,66.51763821041192,-12.380713710418107,0.9328311568546832,0.3522052146816738,0.12087912087912088,False
HIV,GMM,51,V8_IL2,91,91,130.1841593312693,115.98190987241138,-14.202249458857935,0.7684059338323393,0.443255088479425,0.14285714285714285,False
HIV,GMM,52,V9_IL2,91,91,174.50123680030907,168.8487346984528,-5.652502101856271,0.22939169987658026,0.8188249713298558,0.12087912087912088,False
HIV,GMM,53,V9Dual,91,91,19.905494527502373,16.60034756084065,-3.3051469666617237,0.9196585549154824,0.35900361958708304,0.12087912087912088,False
HIV,GMM,54,V8Dual,91,91,8.972802202780167,6.705690631213097,-2.267111571567071,1.4475514696772114,0.14952586697948536,0.18681318681318682,False
HIV,GMM,55,IFNG_production,91,91,0.09224910548489008,0.0847466526819127,-0.007502452802977386,0.6259435111011927,0.5321638776749757,0.0989010989010989,False
HIV,GMM,56,Il2_production,91,91,0.2338140260551002,0.2251599761401559,-0.008654049914944312,0.4643679944554045,0.6429469010279385,0.10989010989010989,False
HIV,GMM,57,RATIO_CD4CD8,91,91,1.2654785350128845,1.0005681774896251,-0.2649103575232594,1.930536953693957,0.0551271825081428,0.15384615384615385,False
HIV,GMM,58,V8Neut,91,91,265.0976501297165,217.51281029870222,-47.58483983101428,1.0068471331785167,0.3153709965760811,0.18681318681318682,False
HIV,GMM,59,V9Neut,91,91,935.7140911647251,918.3166891087543,-17.397402055970815,0.11986813835049002,0.9047214625315545,0.2087912087912088,False
HIV,GMM,60,V7_ACE2,91,91,334.41255225716054,309.0195514160198,-25.393000841140747,0.47210206254580733,0.6374261162728372,0.17582417582417584,False
HIV,GMM,61,V8_ACE2,91,91,136.17588026444992,121.34168049169111,-14.834199772758808,0.6779284947006606,0.49868755328435044,0.38461538461538464,False
HIV,GMM,62,V8b_ACE2,91,91,694.1192100441062,699.4920622123467,5.372852168240456,-0.07510419679298096,0.9402154362838888,0.08791208791208792,False
HIV,GMM,63,V9_ACE2,91,91,523.224073766352,508.14245080947876,-15.081622956873275,0.20040937135784542,0.8413867820525652,0.2087912087912088,False
Breast Cancer,Bootstrap,1,mean radius,569,569,14.127291743072348,14.094518472105003,-0.03277327096734517,0.15521624242287735,0.8766784297584435,0.029876977152899824,False
Breast Cancer,Bootstrap,2,mean texture,569,569,19.289648528677297,19.431370889365358,0.14172236068806043,-0.5478945151313807,0.5838720568214701,0.029876977152899824,False
Breast Cancer,Bootstrap,3,mean perimeter,569,569,91.96903329993384,91.7108082762921,-0.25822502364174227,0.1777278099317228,0.8589684378946739,0.028119507908611598,False
Breast Cancer,Bootstrap,4,mean area,569,569,654.889103814043,652.7681897905883,-2.120914023454702,0.10105323595211758,0.9195260346731096,0.03163444639718805,False
Breast Cancer,Bootstrap,5,mean smoothness,569,569,0.09636028129312821,0.09588476291387907,-0.0004755183792491402,0.5803757744090415,0.5617764865902809,0.02460456942003515,False
Breast Cancer,Bootstrap,6,mean compactness,569,569,0.10434098429781481,0.10352615112854538,-0.0008148331692694327,0.26551806599471367,0.7906586505925951,0.03163444639718805,False
Breast Cancer,Bootstrap,7,mean concavity,569,569,0.08879931578830029,0.08675362189414523,-0.0020456938941550568,0.44257634310041205,0.6581566270146876,0.015817223198594025,False
Breast Cancer,Bootstrap,8,mean concave points,569,569,0.04891914597230428,0.04786397551365609,-0.00105517045864819,0.4604838219832808,0.6452571184892102,0.02460456942003515,False
Breast Cancer,Bootstrap,9,mean symmetry,569,569,0.18116186307792295,0.18150000000513292,0.00033813692720996436,-0.20653908605441046,0.836406855520663,0.0351493848857645,False
Breast Cancer,Bootstrap,10,mean fractal dimension,569,569,0.06279760972974799,0.06282080836947647,2.3198639728480575e-05,-0.05698044845918914,0.9545708226589513,0.02460456942003515,False
Breast Cancer,Bootstrap,11,radius error,569,569,0.40517205624515434,0.38082636287845084,-0.024345693366703502,1.5966652002563826,0.11062582952856315,0.061511423550087874,False
Breast Cancer,Bootstrap,12,texture error,569,569,1.2168534254566856,1.2103794341242375,-0.006473991332448081,0.2036129362592614,0.8386925729003083,0.028119507908611598,False
Breast Cancer,Bootstrap,13,perimeter error,569,569,2.8660592201095474,2.714771517760305,-0.15128770234924227,1.3740577898102118,0.16970408394149666,0.04569420035149385,False
Breast Cancer,Bootstrap,14,area error,569,569,40.33707911519887,37.08907914622597,-3.2479999689728984,1.3621154134028761,0.17345253896742083,0.0492091388400703,False
Breast Cancer,Bootstrap,15,smoothness error,569,569,0.007040978908565007,0.007030446383519416,-1.0532525045590935e-05,0.059431487357688675,0.9526188877714181,0.01757469244288225,False
Breast Cancer,Bootstrap,16,compactness error,569,569,0.025478138811378913,0.02505886819261095,-0.0004192706187679633,0.4056972646305897,0.6850416851874948,0.0210896309314587,False
Breast Cancer,Bootstrap,17,concavity error,569,569,0.03189371635352535,0.0316015149621982,-0.0002922013913271501,0.16977515168994023,0.8652173966454314,0.022847100175746926,False
Breast Cancer,Bootstrap,18,concave points error,569,569,0.011796137079660353,0.011613291733070016,-0.00018284534659033722,0.5097659238655265,0.6103146376890463,0.022847100175746926,False
Breast Cancer,Bootstrap,19,symmetry error,569,569,0.020542298759512197,0.020804731100012002,0.0002624323404998054,-0.5166902855904665,0.6054734260225567,0.026362038664323375,False
Breast Cancer,Bootstrap,20,fractal dimension error,569,569,0.0037949038734937804,0.003712490859489744,-8.241301400403658e-05,0.5618610232378819,0.5743238392256376,0.033391915641476276,False
Breast Cancer,Bootstrap,21,worst radius,569,569,16.269189776770887,16.178894503883402,-0.0902952728874844,0.3135899241688982,0.7538900882799893,0.0492091388400703,False
Breast Cancer,Bootstrap,22,worst texture,569,569,25.67722316534113,25.950245971210393,0.27302280586926386,-0.7365567520712295,0.4615441894901881,0.0351493848857645,False
Breast Cancer,Bootstrap,23,worst perimeter,569,569,107.26121279644421,106.73796147914679,-0.5232513172974222,0.26281367657216803,0.7927418485644121,0.033391915641476276,False
Breast Cancer,Bootstrap,24,worst area,569,569,880.5831290514901,872.8581732832066,-7.7249557682835075,0.22843231200099692,0.8193512846618247,0.043936731107205626,False
Breast Cancer,Bootstrap,25,worst smoothness,569,569,0.13236859435565862,0.13257342727563504,0.0002048329199764165,-0.15111609631808298,0.8799109648876511,0.019332161687170474,False
Breast Cancer,Bootstrap,26,worst compactness,569,569,0.25426504394016597,0.25475804983705336,0.0004930058968873885,-0.0535309800788215,0.9573182657290658,0.0421792618629174,False
Breast Cancer,Bootstrap,27,worst concavity,569,569,0.2721884833807977,0.2728756945492268,0.0006872111684290694,-0.05631166555353167,0.9551034355072472,0.028119507908611598,False
Breast Cancer,Bootstrap,28,worst concave points,569,569,0.11460622294146325,0.11469174147811055,8.551853664730269e-05,-0.021731419772251608,0.9826660180730122,0.0210896309314587,False
Breast Cancer,Bootstrap,29,worst symmetry,569,569,0.2900755708948799,0.29343936753398714,0.0033637966391072416,-0.9229833973951354,0.3562118806401699,0.040421792618629174,False
Breast Cancer,Bootstrap,30,worst fractal dimension,569,569,0.08394581713895387,0.08400003488301602,5.4217744062154405e-05,-0.05285025912223846,0.9578605827780061,0.0632688927943761,False
Breast Cancer,Column-wise,1,mean radius,569,569,14.127291743072348,14.085469272727497,-0.04182247034485087,0.19764264535074663,0.8433600474590393,0.028119507908611598,False
Breast Cancer,Column-wise,2,mean texture,569,569,19.289648528677297,19.42079089856944,0.13114236989214234,-0.5061862025577678,0.6128242518697246,0.0351493848857645,False
Breast Cancer,Column-wise,3,mean perimeter,569,569,91.96903329993384,91.62017572868896,-0.3488575712448778,0.24505020011228967,0.8064618456504735,0.028119507908611598,False
Breast Cancer,Column-wise,4,mean area,569,569,654.889103814043,646.6520215723343,-8.237082241708663,0.3965821385875813,0.6917501166246656,0.026362038664323375,False
Breast Cancer,Column-wise,5,mean smoothness,569,569,0.09636028129312821,0.09626231988096488,-9.796141216332488e-05,0.11767630230307631,0.9063449466858661,0.028119507908611598,False
Breast Cancer,Column-wise,6,mean compactness,569,569,0.10434098429781481,0.10319469255347767,-0.0011462917443371412,0.37014419977854934,0.7113440818095091,0.022847100175746926,False
Breast Cancer,Column-wise,7,mean concavity,569,569,0.08879931578830029,0.09332711861783112,0.00452780282953083,-0.9127675496010321,0.36156012046064573,0.022847100175746926,False
Breast Cancer,Column-wise,8,mean concave points,569,569,0.04891914597230428,0.047883717148844644,-0.0010354288234596387,0.4486260320650825,0.6537870138992502,0.040421792618629174,False
Breast Cancer,Column-wise,9,mean symmetry,569,569,0.18116186307792295,0.181313005307123,0.00015114222920004083,-0.09070616762205742,0.927742098027496,0.0210896309314587,False
Breast Cancer,Column-wise,10,mean fractal dimension,569,569,0.06279760972974799,0.06258546548563274,-0.00021214424411525323,0.5184384766069106,0.6042535550269577,0.026362038664323375,False
Breast Cancer,Column-wise,11,radius error,569,569,0.40517205624515434,0.39969701266246854,-0.005475043582685801,0.3316999033601567,0.7401770611795773,0.0421792618629174,False
Breast Cancer,Column-wise,12,texture error,569,569,1.2168534254566856,1.2520045667415345,0.035151141284848864,-1.059672221056012,0.2895191723967945,0.0421792618629174,False
Breast Cancer,Column-wise,13,perimeter error,569,569,2.8660592201095474,2.8382808401630717,-0.027778379946475695,0.22693900369402425,0.8205120719977411,0.04569420035149385,False
Breast Cancer,Column-wise,14,area error,569,569,40.33707911519887,39.2616642531276,-1.0754148620712698,0.3861929968875879,0.6994263344212799,0.0351493848857645,False
Breast Cancer,Column-wise,15,smoothness error,569,569,0.007040978908565007,0.0070666818935194945,2.5702984954487605e-05,-0.14259576020897827,0.8866347479374864,0.03163444639718805,False
Breast Cancer,Column-wise,16,compactness error,569,569,0.025478138811378913,0.024836701216169606,-0.0006414375952093071,0.61403448095576,0.5393156182456352,0.028119507908611598,False
Breast Cancer,Column-wise,17,concavity error,569,569,0.03189371635352535,0.032969382162916235,0.0010756658093908841,-0.5681102474673224,0.5700736560136973,0.022847100175746926,False
Breast Cancer,Column-wise,18,concave points error,569,569,0.011796137079660353,0.01163602285234418,-0.00016011422731617223,0.4288610177690238,0.6681058108980755,0.03163444639718805,False
Breast Cancer,Column-wise,19,symmetry error,569,569,0.020542298759512197,0.020342564159555782,-0.00019973459995641443,0.4140654483150865,0.6789044217652966,0.026362038664323375,False
Breast Cancer,Column-wise,20,fractal dimension error,569,569,0.0037949038734937804,0.003788058704640127,-6.845168853653397e-06,0.045721861410612026,0.9635400521314177,0.0351493848857645,False
Breast Cancer,Column-wise,21,worst radius,569,569,16.269189776770887,16.237766252460716,-0.03142352431017059,0.110723989296254,0.9118547876670707,0.022847100175746926,False
Breast Cancer,Column-wise,22,worst texture,569,569,25.67722316534113,25.809736364126625,0.13251319878549594,-0.3666580072744454,0.713942432910192,0.022847100175746926,False
Breast Cancer,Column-wise,23,worst perimeter,569,569,107.26121279644421,106.61787377007188,-0.6433390263723311,0.3183955089715276,0.7502435146685369,0.0421792618629174,False
Breast Cancer,Column-wise,24,worst area,569,569,880.5831290514901,885.6950798638047,5.111950812314603,-0.15132799273390704,0.8797438564548621,0.019332161687170474,False
Breast Cancer,Column-wise,25,worst smoothness,569,569,0.13236859435565862,0.13243309331170705,6.449895604843103e-05,-0.04814413972487974,0.9616098347838588,0.015817223198594025,False
Breast Cancer,Column-wise,26,worst compactness,569,569,0.25426504394016597,0.24478616922936666,-0.009478874710799307,1.0517579620963868,0.2931354173412901,0.0351493848857645,False
Breast Cancer,Column-wise,27,worst concavity,569,569,0.2721884833807977,0.27050700732600924,-0.0016814760547884666,0.13480449998352803,0.8927903344454112,0.028119507908611598,False
Breast Cancer,Column-wise,28,worst concave points,569,569,0.11460622294146325,0.11638193810767836,0.0017757151662151083,-0.4504457258376712,0.652475077266189,0.033391915641476276,False
Breast Cancer,Column-wise,29,worst symmetry,569,569,0.2900755708948799,0.295824428539075,0.005748857644195082,-1.5363164953523119,0.12473966305203255,0.050966608084358524,False
Breast Cancer,Column-wise,30,worst fractal dimension,569,569,0.08394581713895387,0.08399827754115179,5.246040219791803e-05,-0.04865928226081781,0.9611993803036453,0.029876977152899824,False
Breast Cancer,CVAE,1,mean radius,569,569,14.127291743072348,14.091915356044401,-0.035376387027946876,0.18269498985468258,0.8550708238865566,0.04745166959578207,False
Breast Cancer,CVAE,2,mean texture,569,569,19.289648528677297,18.745292732292402,-0.5443557963848953,2.437902177451056,0.014939420196161938,0.10369068541300527,True
Breast Cancer,CVAE,3,mean perimeter,569,569,91.96903329993384,91.33452668550353,-0.6345066144303075,0.4761917657653569,0.6340319459494581,0.0492091388400703,False
Breast Cancer,CVAE,4,mean area,569,569,654.889103814043,641.0458146616528,-13.843289152390184,0.7327497579496515,0.4638695214599777,0.05272407732864675,False
Breast Cancer,CVAE,5,mean smoothness,569,569,0.09636028129312821,0.09619937199437975,-0.00016090929874845727,0.21724671723377492,0.8280578771149026,0.09314586994727592,False
Breast Cancer,CVAE,6,mean compactness,569,569,0.10434098429781481,0.10190882396299936,-0.002432160334815456,0.8398564705490192,0.4011706282639642,0.05799648506151142,False
Breast Cancer,CVAE,7,mean concavity,569,569,0.08879931578830029,0.08511825244356543,-0.003681063344734864,0.8432692992873081,0.39926063695808506,0.054481546572934976,False
Breast Cancer,CVAE,8,mean concave points,569,569,0.04891914597230428,0.04792352000444551,-0.0009956259678587723,0.4670287650381867,0.6405712811243731,0.07205623901581722,False
Breast Cancer,CVAE,9,mean symmetry,569,569,0.18116186307792295,0.18157602282263902,0.00041415974471606387,-0.287507379380129,0.7737801980685511,0.0843585237258348,False
Breast Cancer,CVAE,10,mean fractal dimension,569,569,0.06279760972974799,0.06255351600150443,-0.00024409372824356346,0.6431654133916275,0.5202526552324186,0.06678383128295255,False
Breast Cancer,CVAE,11,radius error,569,569,0.40517205624515434,0.3988725758028366,-0.006299480442317762,0.45221806902119704,0.651211559608892,0.14411247803163443,False
Breast Cancer,CVAE,12,texture error,569,569,1.2168534254566856,1.1644716364428114,-0.05238178901387425,1.8296234552356403,0.06759260487026619,0.08787346221441125,False
Breast Cancer,CVAE,13,perimeter error,569,569,2.8660592201095474,2.7969456316088124,-0.06911358850073501,0.6826179307443759,0.4950099213687253,0.14762741652021089,False
Breast Cancer,CVAE,14,area error,569,569,40.33707911519887,37.90939632409067,-2.4276827911081966,1.093552369454355,0.27443567309204003,0.07908611599297012,False
Breast Cancer,CVAE,15,smoothness error,569,569,0.007040978908565007,0.007135920693462809,9.494178489780243e-05,-0.5950343728844781,0.551946092856512,0.09314586994727592,False
Breast Cancer,CVAE,16,compactness error,569,569,0.025478138811378913,0.025911630375183112,0.0004334915638041989,-0.4696801549688035,0.6386831093580542,0.15641476274165203,False
Breast Cancer,CVAE,17,concavity error,569,569,0.03189371635352535,0.03203783440608236,0.00014411805255701293,-0.09519295636405475,0.9241810032039459,0.11423550087873462,False
Breast Cancer,CVAE,18,concave points error,569,569,0.011796137079660353,0.012029217334336524,0.00023308025467617087,-0.7243944402784679,0.4689855411121376,0.10369068541300527,False
Breast Cancer,CVAE,19,symmetry error,569,569,0.020542298759512197,0.020667387092377996,0.0001250883328657998,-0.2834152903034934,0.7769129516743232,0.10017574692442882,False
Breast Cancer,CVAE,20,fractal dimension error,569,569,0.0037949038734937804,0.0037008928536455456,-9.401101984823478e-05,0.7264415669870462,0.4677507457029135,0.140597539543058,False
Breast Cancer,CVAE,21,worst radius,569,569,16.269189776770887,16.131824887280725,-0.13736488949016135,0.5163150492975218,0.6057374455455382,0.05272407732864675,False
Breast Cancer,CVAE,22,worst texture,569,569,25.67722316534113,24.70415798515762,-0.9730651801835073,2.9939516789126714,0.002817448067460381,0.1195079086115993,True
Breast Cancer,CVAE,23,worst perimeter,569,569,107.26121279644421,105.49831846937772,-1.7628943270664905,0.9525168987291665,0.3410426195319398,0.04745166959578207,False
Breast Cancer,CVAE,24,worst area,569,569,880.5831290514901,842.0938100697496,-38.48931898174055,1.2550708330961968,0.20972272098117734,0.04569420035149385,False
Breast Cancer,CVAE,25,worst smoothness,569,569,0.13236859435565862,0.1315591737156593,-0.0008094206399993087,0.6465498718581085,0.5180576479327702,0.05272407732864675,False
Breast Cancer,CVAE,26,worst compactness,569,569,0.25426504394016597,0.2516704967445146,-0.0025945471956513866,0.29626926586302876,0.7670795877541362,0.04745166959578207,False
Breast Cancer,CVAE,27,worst concavity,569,569,0.2721884833807977,0.2701244299514432,-0.0020640534293545065,0.1760237989345841,0.8603070158308863,0.050966608084358524,False
Breast Cancer,CVAE,28,worst concave points,569,569,0.11460622294146325,0.11366537367836663,-0.0009408492630966214,0.2534555859133305,0.799962517577279,0.04745166959578207,False
Breast Cancer,CVAE,29,worst symmetry,569,569,0.2900755708948799,0.29035477122858244,0.00027920033370254504,-0.08106110650345943,0.9354078914919993,0.050966608084358524,False
Breast Cancer,CVAE,30,worst fractal dimension,569,569,0.08394581713895387,0.08347462492165121,-0.00047119221730265726,0.47859310426769475,0.6323233019534481,0.056239015817223195,False
Breast Cancer,GMM,1,mean radius,569,569,14.127291743072348,14.118147821543715,-0.009143921528632859,0.044703815269611376,0.9643512638938485,0.043936731107205626,False
Breast Cancer,GMM,2,mean texture,569,569,19.289648528677297,19.138071573890993,-0.15157695478630373,0.5872643884524051,0.5571429196566906,0.03866432337434095,False
Breast Cancer,GMM,3,mean perimeter,569,569,91.96903329993384,91.85318896891991,-0.11584433101393188,0.0822512967017665,0.9344614032737686,0.040421792618629174,False
Breast Cancer,GMM,4,mean area,569,569,654.889103814043,651.2710167695433,-3.6180870444997026,0.1773826968106945,0.8592394872727911,0.050966608084358524,False
Breast Cancer,GMM,5,mean smoothness,569,569,0.09636028129312821,0.09732688990910987,0.0009666086159816623,-1.046271966268843,0.29566570119465585,0.09490333919156414,False
Breast Cancer,GMM,6,mean compactness,569,569,0.10434098429781481,0.10276624674428833,-0.0015747375535264813,0.5008692087243218,0.6165602098963208,0.04745166959578207,False
Breast Cancer,GMM,7,mean concavity,569,569,0.08879931578830029,0.0852918131189628,-0.003507502669337484,0.7395909613902569,0.4597010365085035,0.11072056239015818,False
Breast Cancer,GMM,8,mean concave points,569,569,0.04891914597230428,0.04839351646197462,-0.0005256295103296602,0.22798818141216184,0.8196964576045425,0.0773286467486819,False
Breast Cancer,GMM,9,mean symmetry,569,569,0.18116186307792295,0.1805182966568977,-0.0006435664210252545,0.38539729903105624,0.7000154351272417,0.050966608084358524,False
Breast Cancer,GMM,10,mean fractal dimension,569,569,0.06279760972974799,0.06308795869193304,0.0002903489621850497,-0.4886661658740982,0.6251963053479828,0.1757469244288225,False
Breast Cancer,GMM,11,radius error,569,569,0.40517205624515434,0.3946447845467371,-0.010527271698417218,0.658921858869011,0.5100799460600701,0.06854130052724078,False
Breast Cancer,GMM,12,texture error,569,569,1.2168534254566856,1.1881248717161914,-0.02872855374049421,0.8842753237348191,0.37673475021768876,0.061511423550087874,False
Breast Cancer,GMM,13,perimeter error,569,569,2.8660592201095474,2.7629041166285377,-0.10315510348100965,0.8952006189650876,0.3708707691639473,0.07557117750439367,False
Breast Cancer,GMM,14,area error,569,569,40.33707911519887,38.66281947132154,-1.6742596438773276,0.6403015193800264,0.522106243587247,0.0773286467486819,False
Breast Cancer,GMM,15,smoothness error,569,569,0.007040978908565007,0.007803469896351693,0.000762490987786686,-1.6922727484622893,0.09106349031818149,0.3163444639718805,False
Breast Cancer,GMM,16,compactness error,569,569,0.025478138811378913,0.025033195098773667,-0.00044494371260524537,0.38396891775563735,0.7010751914770672,0.16520210896309315,False
Breast Cancer,GMM,17,concavity error,569,569,0.03189371635352535,0.02749223437479731,-0.004401481978728042,2.3633402393684464,0.018279674957961213,0.15641476274165203,True
Breast Cancer,GMM,18,concave points error,569,569,0.011796137079660353,0.01166431341042639,-0.00013182366923396305,0.2476561220683308,0.8044576977632039,0.20035149384885764,False
Breast Cancer,GMM,19,symmetry error,569,569,0.020542298759512197,0.02039476530646876,-0.00014753345304343787,0.21717365844376835,0.8281209761917026,0.22671353251318102,False
Breast Cancer,GMM,20,fractal dimension error,569,569,0.0037949038734937804,0.004419173916984873,0.0006242700434910924,-1.3561512137730394,0.1755309860491867,0.37785588752196836,False
Breast Cancer,GMM,21,worst radius,569,569,16.269189776770887,16.33935030818195,0.07016053141106227,-0.24799190771344892,0.8041855161515187,0.05975395430579965,False
Breast Cancer,GMM,22,worst texture,569,569,25.67722316534113,25.54067435373531,-0.13654881160582022,0.36576261822392286,0.7146104652756669,0.05799648506151142,False
Breast Cancer,GMM,23,worst perimeter,569,569,107.26121279644421,107.45778721707148,0.1965744206272717,-0.10056811462035137,0.9199110813822196,0.05799648506151142,False
Breast Cancer,GMM,24,worst area,569,569,880.5831290514901,886.6796574114915,6.096528360001344,-0.1828353840686455,0.8549598279625874,0.054481546572934976,False
Breast Cancer,GMM,25,worst smoothness,569,569,0.13236859435565862,0.13449253662373145,0.0021239422680728315,-1.5102401577525657,0.13126174653719772,0.06854130052724078,False
Breast Cancer,GMM,26,worst compactness,569,569,0.25426504394016597,0.25136215262964484,-0.0029028913105211274,0.3074101795294867,0.758587560110211,0.056239015817223195,False
Breast Cancer,GMM,27,worst concavity,569,569,0.2721884833807977,0.2582038958359361,-0.013984587544861593,1.120593860108682,0.26269769507110685,0.09490333919156414,False
Breast Cancer,GMM,28,worst concave points,569,569,0.11460622294146325,0.11555638682217499,0.0009501638807117435,-0.24397666899221745,0.8072929435340825,0.05799648506151142,False
Breast Cancer,GMM,29,worst symmetry,569,569,0.2900755708948799,0.2898108014584845,-0.00026476943639541783,0.0694889187633765,0.9446127481996518,0.05975395430579965,False
Breast Cancer,GMM,30,worst fractal dimension,569,569,0.08394581713895387,0.08397564399980913,2.9826860855258763e-05,-0.025236285805238973,0.9798710687343841,0.11072056239015818,False
Diabetes,Bootstrap,1,preg,768,768,3.8450520833333335,3.7174479166666665,-0.12760416666666696,0.7512633102149361,0.4526095104557705,0.029947916666666668,False
Diabetes,Bootstrap,2,plas,768,768,120.89453125,119.90494791666667,-0.9895833333333286,0.6054390769103631,0.544976852942637,0.01953125,False
Diabetes,Bootstrap,3,pres,768,768,69.10546875,69.49088541666667,0.3854166666666714,-0.40498199255832823,0.6855475508476364,0.018229166666666668,False
Diabetes,Bootstrap,4,skin,768,768,20.536458333333332,21.3203125,0.7838541666666679,-0.9555760721611296,0.3394370505657264,0.0390625,False
Diabetes,Bootstrap,5,insu,768,768,79.79947916666667,81.19270833333333,1.3932291666666572,-0.2417678851465844,0.8089923946536135,0.022135416666666668,False
Diabetes,Bootstrap,6,mass,768,768,31.99257813890775,32.54062507301569,0.5480469341079406,-1.3489136705568097,0.17756385477006242,0.05859375,False
Diabetes,Bootstrap,7,pedi,768,768,0.4718763029280429,0.469747397127018,-0.002128905801024872,0.1250024290569575,0.9005380093449579,0.020833333333333332,False
Diabetes,Bootstrap,8,age,768,768,33.240885416666664,32.959635416666664,-0.28125,0.4657094878549381,0.641489582515047,0.03515625,False
Diabetes,Column-wise,1,preg,768,768,3.8450520833333335,3.8125,-0.03255208333333348,0.19130401002788952,0.8483127475472234,0.014322916666666666,False
Diabetes,Column-wise,2,plas,768,768,120.89453125,120.68359375,-0.2109375,0.12845531230405602,0.8978055017220282,0.020833333333333332,False
Diabetes,Column-wise,3,pres,768,768,69.10546875,69.2578125,0.15234375,-0.15557687781366392,0.8763870269810619,0.020833333333333332,False
Diabetes,Column-wise,4,skin,768,768,20.536458333333332,20.453125,-0.08333333333333215,0.10068103584454278,0.9198168367859196,0.026041666666666668,False
Diabetes,Column-wise,5,insu,768,768,79.79947916666667,74.29296875,-5.506510416666671,0.9506389322915553,0.34193758958496107,0.03125,False
Diabetes,Column-wise,6,mass,768,768,31.99257813890775,31.701302103698254,-0.29127603520949563,0.7272595270013898,0.4671779692725373,0.03515625,False
Diabetes,Column-wise,7,pedi,768,768,0.4718763029280429,0.4738684897214019,0.0019921867933589965,-0.117568952176355,0.9064245983349765,0.02734375,False
Diabetes,Column-wise,8,age,768,768,33.240885416666664,33.459635416666664,0.21875,-0.3571791082430775,0.721006932408681,0.024739583333333332,False
Diabetes,CVAE,1,preg,768,768,3.8450520833333335,3.8684166801782944,0.02336459684496095,-0.1489306204346209,0.881628748181979,0.23697916666666666,False
Diabetes,CVAE,2,plas,768,768,120.89453125,121.80246418217818,0.9079329321781842,-0.6036274676341302,0.5461833773513055,0.09375,False
Diabetes,CVAE,3,pres,768,768,69.10546875,68.92165111998717,-0.18381763001282536,0.21783908298386354,0.8275874348397403,0.09635416666666667,False
Diabetes,CVAE,4,skin,768,768,20.536458333333332,22.277222224821646,1.7407638914883137,-2.3180162289096042,0.02058343129458634,0.25390625,True
Diabetes,CVAE,5,insu,768,768,79.79947916666667,82.11609239379565,2.3166132271289825,-0.4577731166148291,0.6471882473008324,0.4505208333333333,False
Diabetes,CVAE,6,mass,768,768,31.99257813890775,31.554453313350677,-0.4381248255570718,1.1905191372404584,0.23403362969479793,0.05859375,False
Diabetes,CVAE,7,pedi,768,768,0.4718763029280429,0.4607259549472171,-0.011150347980825814,0.7178686896722811,0.47295130113332773,0.0859375,False
Diabetes,CVAE,8,age,768,768,33.240885416666664,32.73017836858829,-0.5107070480783733,0.9502947183316689,0.3421213469784995,0.13932291666666666,False
Diabetes,GMM,1,preg,768,768,3.8450520833333335,3.800493229223472,-0.04455885410986138,0.25772065990926396,0.7966570722056202,0.15885416666666666,False
Diabetes,GMM,2,plas,768,768,120.89453125,120.76408317188422,-0.1304480781157764,0.08093810672210987,0.9355017391879705,0.0625,False
Diabetes,GMM,3,pres,768,768,69.10546875,69.28450144051264,0.17903269051264203,-0.18439545512738878,0.8537276376333742,0.12109375,False
Diabetes,GMM,4,skin,768,768,20.536458333333332,20.51401536000776,-0.022442973325571103,0.027620324400803933,0.9779685640092207,0.18489583333333334,False
Diabetes,GMM,5,insu,768,768,79.79947916666667,82.62649010329979,2.8270109366331155,-0.4825836721880272,0.6294602342146488,0.296875,False
Diabetes,GMM,6,mass,768,768,31.99257813890775,32.44363824402293,0.4510601051151788,-1.118898478579213,0.2633586297213691,0.05859375,False
Diabetes,GMM,7,pedi,768,768,0.4718763029280429,0.46216648162779467,-0.009709821300248223,0.5875902644955561,0.5568940176198328,0.12630208333333334,False
Diabetes,GMM,8,age,768,768,33.240885416666664,33.2519878212673,0.01110240460063494,-0.018521320039396546,0.98522537816868,0.14322916666666666,False
