dataset,method,n_features_removed,n_features_retained,auc_mean,auc_sd,auc_values
HIV,Bootstrap,0,63,0.7070415879017012,0.05072583871035641,"[0.6862003780718336, 0.7230623818525519, 0.8147448015122873, 0.7551984877126654, 0.6455576559546314, 0.7353497164461248, 0.6918714555765595, 0.782608695652174, 0.6408317580340264, 0.6361058601134216, 0.6795841209829868, 0.6219281663516069, 0.6644612476370511, 0.6975425330812854, 0.7448015122873346, 0.7230623818525519, 0.6758034026465028, 0.720226843100189, 0.7381852551984877, 0.7637051039697542]"
HIV,Bootstrap,9,54,0.7229206049149338,0.04270211632625399,"[0.7051039697542534, 0.723062381852552, 0.8279773156899811, 0.7344045368620038, 0.6550094517958412, 0.7523629489603024, 0.7107750472589792, 0.7844990548204158, 0.6465028355387523, 0.6644612476370511, 0.7022684310018904, 0.6729678638941399, 0.7003780718336484, 0.725897920604915, 0.7296786389413988, 0.7495274102079394, 0.7325141776937618, 0.7580340264650284, 0.7344045368620038, 0.7485822306238186]"
HIV,Bootstrap,17,46,0.7300094517958413,0.04367637427233003,"[0.7315689981096408, 0.7551984877126654, 0.8185255198487713, 0.7589792060491494, 0.6455576559546313, 0.7674858223062382, 0.7126654064272212, 0.8090737240075614, 0.6786389413988658, 0.6644612476370511, 0.6852551984877127, 0.6748582230623819, 0.719281663516068, 0.7334593572778828, 0.7504725897920604, 0.7551984877126654, 0.7173913043478262, 0.7334593572778828, 0.7419659735349716, 0.7466918714555766]"
HIV,Bootstrap,26,37,0.7359640831758034,0.04625229800222314,"[0.7353497164461247, 0.7684310018903592, 0.831758034026465, 0.7627599243856333, 0.6436672967863895, 0.7523629489603024, 0.727788279773157, 0.7958412098298677, 0.6521739130434783, 0.6758034026465028, 0.6947069943289225, 0.6786389413988658, 0.7306238185255198, 0.7296786389413988, 0.7712665406427222, 0.7514177693761814, 0.7306238185255198, 0.7637051039697542, 0.7533081285444234, 0.7693761814744802]"
HIV,Bootstrap,35,28,0.7420132325141776,0.04654803138989791,"[0.7542533081285444, 0.7570888468809074, 0.8279773156899811, 0.7835538752362949, 0.6455576559546313, 0.7599243856332702, 0.724007561436673, 0.8166351606805293, 0.6616257088846881, 0.6947069943289225, 0.723062381852552, 0.6578449905482042, 0.7589792060491494, 0.7391304347826086, 0.7561436672967864, 0.7608695652173914, 0.7325141776937618, 0.7637051039697542, 0.7646502835538752, 0.7580340264650284]"
HIV,Bootstrap,44,19,0.7394612476370509,0.048021518224638605,"[0.7485822306238186, 0.7684310018903592, 0.8241965973534972, 0.7948960302457467, 0.6493383742911153, 0.7637051039697542, 0.7088846880907372, 0.8109640831758034, 0.6729678638941399, 0.6965973534971645, 0.6852551984877127, 0.6559546313799622, 0.7646502835538752, 0.7542533081285445, 0.7315689981096408, 0.7457466918714556, 0.719281663516068, 0.7844990548204159, 0.7457466918714556, 0.7637051039697542]"
HIV,Bootstrap,52,11,0.7510869565217393,0.04712293746249498,"[0.7561436672967864, 0.781663516068053, 0.8355387523629489, 0.7930056710775047, 0.6947069943289226, 0.7561436672967864, 0.6975425330812854, 0.8223062381852552, 0.7069943289224954, 0.6795841209829867, 0.6814744801512287, 0.665406427221172, 0.7703213610586012, 0.7882797731568998, 0.7693761814744802, 0.7665406427221172, 0.7514177693761814, 0.7466918714555766, 0.7684310018903591, 0.7901701323251418]"
HIV,Bootstrap,61,2,0.6707939508506616,0.04785829814057645,"[0.7381852551984878, 0.6880907372400756, 0.7296786389413988, 0.6918714555765595, 0.6465028355387523, 0.6776937618147447, 0.6531190926275992, 0.7372400756143667, 0.7126654064272212, 0.5642722117202268, 0.6247637051039698, 0.5708884688090737, 0.6814744801512287, 0.6531190926275993, 0.7249527410207939, 0.6417769376181475, 0.6871455576559546, 0.6370510396975426, 0.6975425330812854, 0.6578449905482042]"
HIV,Column-wise,0,63,0.85203213610586,0.04976751978514218,"[0.8950850661625709, 0.8468809073724007, 0.7986767485822306, 0.8809073724007561, 0.8374291115311909, 0.9177693761814745, 0.7958412098298676, 0.7637051039697542, 0.8383742911153119, 0.8421550094517959, 0.9054820415879018, 0.8572778827977316, 0.888468809073724, 0.77882797731569, 0.777882797731569, 0.9508506616257089, 0.8534971644612477, 0.9026465028355387, 0.8742911153119092, 0.834593572778828]"
HIV,Column-wise,9,54,0.7862476370510396,0.0732939537454988,"[0.8506616257088847, 0.8119092627599244, 0.8100189035916825, 0.7466918714555766, 0.8043478260869565, 0.8629489603024575, 0.6937618147448015, 0.7854442344045368, 0.6824196597353498, 0.8156899810964083, 0.8638941398865785, 0.7901701323251418, 0.8137996219281662, 0.7088846880907372, 0.610586011342155, 0.8827977315689981, 0.8459357277882797, 0.8865784499054821, 0.7069943289224953, 0.7514177693761814]"
HIV,Column-wise,17,46,0.7465500945179584,0.0685201581893045,"[0.8478260869565217, 0.775047258979206, 0.7381852551984878, 0.722117202268431, 0.7967863894139886, 0.7996219281663516, 0.6947069943289225, 0.7712665406427222, 0.6512287334593573, 0.7362948960302458, 0.8232514177693762, 0.6909262759924386, 0.7230623818525519, 0.6550094517958411, 0.6521739130434783, 0.8610586011342155, 0.831758034026465, 0.8109640831758034, 0.6379962192816635, 0.7117202268431002]"
HIV,Column-wise,26,37,0.7571361058601134,0.061296535679914554,"[0.77882797731569, 0.7835538752362949, 0.7674858223062382, 0.6852551984877127, 0.7967863894139886, 0.8251417769376181, 0.7476370510396976, 0.7589792060491493, 0.667296786389414, 0.7693761814744802, 0.8402646502835539, 0.6956521739130435, 0.7372400756143668, 0.6465028355387523, 0.6521739130434783, 0.8393194706994327, 0.8383742911153119, 0.831758034026465, 0.7268431001890359, 0.7542533081285444]"
HIV,Column-wise,35,28,0.7363421550094518,0.06032991401646429,"[0.8147448015122873, 0.7627599243856332, 0.7296786389413988, 0.724007561436673, 0.7807183364839319, 0.7542533081285445, 0.6663516068052929, 0.7466918714555766, 0.6379962192816635, 0.727788279773157, 0.7589792060491494, 0.6550094517958411, 0.723062381852552, 0.6540642722117203, 0.6408317580340265, 0.7618147448015122, 0.7457466918714556, 0.8799621928166352, 0.7892249527410209, 0.7731568998109641]"
HIV,Column-wise,44,19,0.5968336483931947,0.04946412481512494,"[0.5330812854442344, 0.6379962192816635, 0.5349716446124764, 0.609640831758034, 0.6465028355387523, 0.6379962192816635, 0.5897920604914934, 0.5746691871455576, 0.5879017013232514, 0.558601134215501, 0.720226843100189, 0.5472589792060492, 0.6096408317580341, 0.5132325141776937, 0.6162570888468809, 0.5529300567107751, 0.5633270321361059, 0.6436672967863893, 0.6427221172022684, 0.6162570888468808]"
HIV,Column-wise,52,11,0.5636578449905483,0.048068933535861974,"[0.556710775047259, 0.5340264650283555, 0.5217391304347826, 0.5982986767485823, 0.501890359168242, 0.6786389413988657, 0.5245746691871456, 0.555765595463138, 0.6275992438563327, 0.5293005671077504, 0.6058601134215501, 0.551984877126654, 0.502835538752363, 0.5841209829867675, 0.5170132325141776, 0.5302457466918715, 0.5396975425330813, 0.5812854442344045, 0.6531190926275993, 0.5784499054820416]"
HIV,Column-wise,61,2,0.6203213610586011,0.0671470770575209,"[0.6729678638941399, 0.665406427221172, 0.6200378071833648, 0.6965973534971645, 0.6049149338374291, 0.6909262759924386, 0.611531190926276, 0.6436672967863895, 0.5472589792060492, 0.5604914933837428, 0.5415879017013232, 0.5434782608695652, 0.5548204158790171, 0.500945179584121, 0.7155009451795842, 0.6635160680529302, 0.6984877126654064, 0.6181474480151229, 0.5359168241965974, 0.720226843100189]"
HIV,GMM,0,63,1.0,0.0,"[1.0, 1.0, 1.0, 1.0, 1.0, 1.0, 1.0, 1.0, 1.0, 1.0, 1.0, 1.0, 1.0, 1.0, 1.0, 1.0, 1.0, 1.0, 1.0, 1.0]"
HIV,GMM,9,54,0.9546786389413988,0.02836716044194002,"[0.9669187145557656, 0.8667296786389415, 0.9376181474480152, 0.9829867674858224, 0.9659735349716446, 0.9848771266540643, 0.9669187145557656, 0.9451795841209829, 0.9584120982986768, 0.9527410207939508, 0.9792060491493384, 0.9489603024574669, 0.9754253308128544, 0.9489603024574669, 0.95179584120983, 0.9328922495274101, 0.9754253308128545, 0.9631379962192816, 0.9026465028355388, 0.9867674858223063]"
HIV,GMM,17,46,0.8706521739130435,0.05125739036926171,"[0.9168241965973535, 0.7060491493383743, 0.8421550094517959, 0.9083175803402646, 0.8289224952741021, 0.8809073724007561, 0.945179584120983, 0.8648393194706995, 0.827977315689981, 0.9243856332703213, 0.9262759924385634, 0.8686200378071834, 0.9083175803402646, 0.9196597353497165, 0.8431001890359168, 0.8818525519848771, 0.8638941398865785, 0.8468809073724007, 0.8563327032136105, 0.8525519848771267]"
HIV,GMM,26,37,0.826039697542533,0.05496564671776938,"[0.8478260869565217, 0.6493383742911153, 0.781663516068053, 0.8534971644612477, 0.7996219281663517, 0.8412098298676748, 0.9073724007561437, 0.8223062381852553, 0.8695652173913043, 0.8846880907372401, 0.8771266540642721, 0.8648393194706994, 0.831758034026465, 0.8553875236294897, 0.8005671077504726, 0.8213610586011342, 0.829867674858223, 0.8468809073724007, 0.77882797731569, 0.7570888468809074]"
HIV,GMM,35,28,0.7106805293005671,0.07575713129392411,"[0.7920604914933838, 0.5075614366729679, 0.724007561436673, 0.6465028355387523, 0.7173913043478262, 0.7523629489603025, 0.8327032136105861, 0.7069943289224954, 0.6332703213610587, 0.7249527410207939, 0.7334593572778828, 0.7325141776937618, 0.6862003780718336, 0.8449905482041588, 0.6890359168241965, 0.7098298676748582, 0.7258979206049149, 0.7759924385633271, 0.6880907372400756, 0.5897920604914934]"
HIV,GMM,44,19,0.6801984877126654,0.07593932712659744,"[0.7419659735349716, 0.5113421550094518, 0.6710775047258979, 0.6162570888468809, 0.7051039697542533, 0.7344045368620038, 0.7901701323251418, 0.7580340264650283, 0.5283553875236295, 0.6805293005671077, 0.7391304347826086, 0.6550094517958411, 0.6134215500945179, 0.7939508506616257, 0.6266540642722117, 0.6814744801512288, 0.7372400756143667, 0.7230623818525519, 0.6843100189035917, 0.6124763705103969]"
HIV,GMM,52,11,0.6406427221172024,0.06120619849558746,"[0.6474480151228733, 0.5982986767485823, 0.6455576559546314, 0.6616257088846882, 0.670132325141777, 0.6871455576559546, 0.6918714555765595, 0.6181474480151229, 0.607750472589792, 0.5888468809073725, 0.7608695652173914, 0.6124763705103969, 0.6351606805293005, 0.781663516068053, 0.5094517958412098, 0.5926275992438563, 0.6918714555765596, 0.6049149338374291, 0.5775047258979207, 0.6294896030245747]"
HIV,GMM,61,2,0.5855387523629488,0.06687738356031742,"[0.5302457466918714, 0.5217391304347826, 0.6455576559546313, 0.7561436672967864, 0.5803402646502835, 0.6049149338374291, 0.6568998109640831, 0.5009451795841209, 0.5718336483931947, 0.5245746691871456, 0.5784499054820416, 0.6266540642722117, 0.505671077504726, 0.5718336483931947, 0.6540642722117203, 0.5207939508506616, 0.6767485822306238, 0.504725897920605, 0.5671077504725899, 0.611531190926276]"
HIV,CVAE,0,63,0.9854442344045369,0.010172872625386546,"[0.9886578449905482, 0.9792060491493384, 0.9848771266540643, 0.9962192816635161, 0.9924385633270322, 0.9706994328922496, 1.0, 0.9943289224952742, 0.9962192816635161, 0.9886578449905482, 0.9839319470699432, 0.9877126654064272, 0.994328922495274, 0.9924385633270322, 0.9924385633270322, 0.9735349716446124, 0.9792060491493384, 0.9829867674858223, 0.9706994328922496, 0.9603024574669188]"
HIV,CVAE,9,54,0.9630907372400758,0.022153273463087618,"[0.9792060491493384, 0.9442344045368619, 0.9735349716446124, 0.9905482041587902, 0.9574669187145558, 0.9187145557655955, 0.9848771266540643, 0.9593572778827977, 0.9773156899810964, 0.9848771266540642, 0.9508506616257089, 0.9650283553875237, 0.9810964083175804, 0.994328922495274, 0.9952741020793952, 0.9281663516068054, 0.9395085066162571, 0.943289224952741, 0.947069943289225, 0.9470699432892249]"
HIV,CVAE,17,46,0.9211720226843101,0.037396636730066504,"[0.9565217391304348, 0.9224952741020794, 0.9395085066162571, 0.9659735349716446, 0.889413988657845, 0.833648393194707, 0.9565217391304348, 0.9432892249527409, 0.9130434782608695, 0.9574669187145557, 0.9073724007561437, 0.8809073724007561, 0.9319470699432892, 0.9962192816635161, 0.9470699432892249, 0.8941398865784499, 0.9092627599243857, 0.8667296786389415, 0.9007561436672967, 0.9111531190926276]"
HIV,CVAE,26,37,0.8983931947069943,0.03699807660878987,"[0.9291115311909263, 0.9102079395085066, 0.941398865784499, 0.9347826086956521, 0.8449905482041588, 0.8393194706994329, 0.9253308128544423, 0.9054820415879017, 0.8837429111531191, 0.9376181474480152, 0.8846880907372401, 0.8733459357277883, 0.9073724007561437, 0.9744801512287335, 0.9168241965973535, 0.8393194706994329, 0.9054820415879017, 0.8431001890359168, 0.8979206049149338, 0.8733459357277883]"
HIV,CVAE,35,28,0.8714555765595462,0.049730280479037534,"[0.8998109640831757, 0.8931947069943289, 0.9035916824196597, 0.8960302457466918, 0.7627599243856332, 0.8232514177693762, 0.8931947069943288, 0.8875236294896031, 0.8998109640831758, 0.8922495274102079, 0.8629489603024575, 0.833648393194707, 0.9603024574669188, 0.9470699432892249, 0.8913043478260869, 0.7939508506616256, 0.8913043478260869, 0.8062381852551984, 0.883742911153119, 0.8071833648393194]"
HIV,CVAE,44,19,0.8426275992438563,0.0591968471170149,"[0.8742911153119093, 0.8827977315689981, 0.8497164461247637, 0.885633270321361, 0.7523629489603025, 0.7854442344045369, 0.8610586011342155, 0.8960302457466918, 0.8478260869565218, 0.8620037807183365, 0.9045368620037807, 0.7589792060491494, 0.952741020793951, 0.9120982986767485, 0.8780718336483931, 0.7693761814744802, 0.8478260869565217, 0.7306238185255198, 0.8052930056710775, 0.7958412098298677]"
HIV,CVAE,52,11,0.8045841209829868,0.06738863644941716,"[0.8516068052930057, 0.8468809073724007, 0.7920604914933838, 0.7939508506616256, 0.6937618147448015, 0.8090737240075614, 0.829867674858223, 0.8412098298676748, 0.8241965973534972, 0.8846880907372401, 0.8478260869565217, 0.7504725897920604, 0.9035916824196597, 0.9177693761814746, 0.8487712665406427, 0.6862003780718335, 0.7769376181474481, 0.6729678638941399, 0.7570888468809074, 0.7627599243856333]"
HIV,CVAE,61,2,0.7238657844990549,0.06063625386238808,"[0.833648393194707, 0.7098298676748582, 0.7221172022684309, 0.776937618147448, 0.7722117202268431, 0.7466918714555767, 0.772211720226843, 0.7448015122873346, 0.6465028355387523, 0.8733459357277883, 0.6275992438563327, 0.6795841209829867, 0.7344045368620038, 0.6446124763705103, 0.6928166351606804, 0.660680529300567, 0.7258979206049149, 0.7098298676748582, 0.6824196597353497, 0.72117202268431]"
Breast Cancer,Bootstrap,0,30,0.7149684822220035,0.017665296813737012,"[0.7301536491677336, 0.7369989165763813, 0.7107258938244854, 0.7076726090810598, 0.6981187826258248, 0.7258692012213139, 0.7195163990938639, 0.6889589283955482, 0.7368511769920221, 0.7195656456219837, 0.7264847828228109, 0.6999655274303161, 0.6935634787747464, 0.7236531074559244, 0.6884910863784104, 0.6981926524180045, 0.7397567221510883, 0.729242588397518, 0.6887865655471289, 0.7368019304639023]"
Breast Cancer,Bootstrap,4,26,0.7197207721855609,0.01699910704572787,"[0.7394612429823697, 0.7444351423224662, 0.7193932827735645, 0.711021372993204, 0.6997439180537772, 0.7349798089234709, 0.7245887914902, 0.6942283069043633, 0.7382300797793755, 0.7246380380183197, 0.7364818280311238, 0.7125233921008569, 0.6979956663055255, 0.726903378311829, 0.6959273121244952, 0.6961735447650941, 0.7380823401950163, 0.7244164286417807, 0.6990790899241603, 0.7361124790702256]"
Breast Cancer,Bootstrap,8,22,0.7219196296661086,0.019117260865987737,"[0.7403969270166453, 0.74788239929085, 0.7157982862208214, 0.7156013001083423, 0.701073574313011, 0.7501969861124791, 0.7295626908302965, 0.6875307790800749, 0.7315817984832069, 0.7222742046685708, 0.7399290849995075, 0.7088299024918743, 0.6928740273810696, 0.7321235102925244, 0.6984881315867232, 0.7162661282379592, 0.7420220624445977, 0.7257460849010144, 0.6956318329557766, 0.7445828819068255]"
Breast Cancer,Bootstrap,12,18,0.7246257263862896,0.017524857242494935,"[0.73941199645425, 0.7507386979217965, 0.723726977248104, 0.7166354771988575, 0.706786171574904, 0.7452723333005024, 0.7299074165271349, 0.7045208312813946, 0.7390180242292919, 0.7269526248399487, 0.7465281197675564, 0.710799763616665, 0.6963705308775732, 0.7325174825174825, 0.6986851176992022, 0.7173003053284743, 0.7440904166256279, 0.7271742342164877, 0.6950408746183394, 0.7410371318822023]"
Breast Cancer,Bootstrap,16,14,0.727102826750714,0.015084732678174952,"[0.7400029547916872, 0.7456663055254604, 0.7199842411110016, 0.7219541022357924, 0.7127942480055156, 0.7476361666502511, 0.7315325519550872, 0.7026987097409633, 0.7426622673101546, 0.730498374864572, 0.7400768245838669, 0.719910371318822, 0.7046931941298138, 0.7340933714173151, 0.7045947010735744, 0.7266571456712302, 0.7420713089727174, 0.7312616960504283, 0.7005564857677533, 0.7427115138382744]"
Breast Cancer,Bootstrap,20,10,0.7295503791982667,0.015665398195530193,"[0.7376883679700581, 0.753398010440264, 0.7245641682261401, 0.7198857480547621, 0.7156997931645819, 0.7463065103910175, 0.7307938540332907, 0.715896779277061, 0.7454693194129813, 0.7360632325421057, 0.7454446961489215, 0.7239978331527628, 0.708485176795036, 0.7347335762828721, 0.7033142913424604, 0.7225696838372895, 0.7439919235693884, 0.7332808037033389, 0.6978971732492859, 0.7515266423717128]"
Breast Cancer,Bootstrap,24,6,0.7268713680685512,0.017869145480463255,"[0.7334531665517581, 0.7553186250369349, 0.7201812272234807, 0.718014379986211, 0.7020092583472866, 0.744287402738107, 0.725228996355757, 0.7203782133359597, 0.760784989658229, 0.7402491874322861, 0.7300305328474342, 0.7240470796808824, 0.699374569092879, 0.7284792672116616, 0.6967152565744115, 0.7285285137397813, 0.7482763715158082, 0.7166847237269772, 0.702329360780065, 0.7430562395351128]"
Breast Cancer,Bootstrap,28,2,0.723944893135034,0.01982300805128262,"[0.7396582290948488, 0.7474884270658919, 0.7303260120161529, 0.7063921993499458, 0.6979217965133457, 0.7407908992416035, 0.7200581109031814, 0.7293903279818772, 0.7486703437407662, 0.7343396040579139, 0.7439673003053284, 0.7033635378705801, 0.6837634196789126, 0.7244902984339604, 0.6958780655963754, 0.724145572737122, 0.7395843593026692, 0.7212646508421156, 0.6962720378213336, 0.7511326701467547]"
Breast Cancer,Column-wise,0,30,0.9997673101546342,0.00032957252435152984,"[0.9990150694376047, 1.0, 0.9999015069437605, 1.0, 0.9994582881906825, 0.9998030138875209, 0.9999753767359401, 0.9995075347188024, 1.0, 1.0, 1.0, 1.0, 0.9994090416625628, 1.0, 0.9998030138875209, 1.0, 0.9995075347188024, 0.9999999999999999, 0.9989658229094849, 1.0]"
Breast Cancer,Column-wise,4,26,0.998097852851374,0.0014438531747947947,"[0.9975130503299517, 0.9995321579828622, 0.9991874322860238, 0.9996060277750418, 0.9986703437407662, 0.9979808923470896, 0.999162809021964, 0.9950999704520831, 0.999556781246922, 0.9946075051708855, 0.9994336649266228, 0.9990150694376047, 0.9984487343642273, 0.9976607899143111, 0.9985964739485866, 0.9955185659411011, 0.9989411996454249, 0.9974391805377721, 0.9978331527627302, 0.9981532551955087]"
Breast Cancer,Column-wise,8,22,0.9943526543878658,0.0027340836286043582,"[0.9942135329459274, 0.9977592829705506, 0.9979562690830297, 0.9939673003053285, 0.9962080173347779, 0.9937949374569093, 0.9961095242785384, 0.9939919235693884, 0.9978085294986704, 0.9889195311730523, 0.9992366788141436, 0.9933024721757117, 0.9918004530680588, 0.9943612725302867, 0.9934748350241307, 0.9881808332512558, 0.9950999704520832, 0.9951984635083226, 0.9926130207820348, 0.9930562395351128]"
Breast Cancer,Column-wise,12,18,0.9851952624839949,0.005678590630457849,"[0.9770511178961884, 0.9956909287895204, 0.9882300797793756, 0.9872205259529203, 0.9910371318822023, 0.9869989165763814, 0.9912587412587412, 0.9810647099379494, 0.9942874027381069, 0.9756722151088348, 0.9923421648773761, 0.9848566926031714, 0.983256180439279, 0.9836501526642373, 0.9843888505860336, 0.9770511178961884, 0.9864818280311238, 0.981557175219147, 0.9782084113070029, 0.9836009061361174]"
Breast Cancer,Column-wise,16,14,0.9697847926721167,0.00853630325079377,"[0.9454348468432975, 0.9721510883482715, 0.9642223973209888, 0.970131980695361, 0.9871220328966809, 0.9769772481040088, 0.9800551561114942, 0.9647641091303063, 0.9762877967103318, 0.9569339111592634, 0.9702304737516004, 0.9674234216487737, 0.9698365015266424, 0.9754998522604157, 0.9680636265143308, 0.9691716733970255, 0.9734561213434453, 0.9748842706589186, 0.9706983157687383, 0.9623510292524378]"
Breast Cancer,Column-wise,20,10,0.9046993499458289,0.019014911761523652,"[0.8693735841623166, 0.9043878656554714, 0.9047572146163694, 0.8932581503004038, 0.9444252930168423, 0.9139416921107062, 0.9268196592140253, 0.9029843396040579, 0.9017777996651236, 0.8804294297252044, 0.915025115729341, 0.8984044124889196, 0.8718851570964248, 0.9411011523687581, 0.896606914212548, 0.9003250270855905, 0.9216487737614498, 0.9120457007780951, 0.8943661971830986, 0.9004235201418299]"
Breast Cancer,Column-wise,24,6,0.8739929084999508,0.015069681823605956,"[0.8592041761055845, 0.8770067960208806, 0.8786319314488329, 0.8522111691125775, 0.8931350339801043, 0.8650891362158968, 0.9084260809612923, 0.8904264749335171, 0.8789520338816114, 0.8686595095045798, 0.8954742440657933, 0.8644735546143997, 0.8699399192356938, 0.880306313404905, 0.8453166551758101, 0.8540579139170689, 0.8765143307396828, 0.8712941987589875, 0.8723529991135626, 0.878385698808234]"
Breast Cancer,Column-wise,28,2,0.6093593026691617,0.023290161460031742,"[0.5765537279621786, 0.6130207820348665, 0.636240520043337, 0.5830788929380479, 0.6044272628779671, 0.6122328375849504, 0.5890869693686595, 0.6411159263271939, 0.5864769033783118, 0.5763321185856397, 0.6057076726090811, 0.6362897665714567, 0.6020634295282182, 0.6352063429528219, 0.60381168127647, 0.6492908499950754, 0.574583866837388, 0.6045011326701467, 0.6180439279030828, 0.6391214419383433]"
Breast Cancer,GMM,0,30,0.9932753865852458,0.0024735769276001203,"[0.9936964444006698, 0.9941150398896879, 0.990470796808825, 0.9953708263567419, 0.9968235989362749, 0.9933270954397715, 0.9921205555008372, 0.9930808627991726, 0.9947798680193046, 0.9923914114054959, 0.9962572638628976, 0.9872205259529204, 0.9906924061853639, 0.996651236087856, 0.9930316162710529, 0.9962818871269575, 0.9949768541317837, 0.9927853836304541, 0.9919974391805378, 0.9894366197183099]"
Breast Cancer,GMM,4,26,0.9022247119078104,0.016437786001647133,"[0.9084014576972324, 0.9225844577957254, 0.8945139367674578, 0.9161331626120358, 0.9233970255097015, 0.897025509701566, 0.8508815128533438, 0.9053235496897468, 0.8920516103614695, 0.8921747266817689, 0.9214271643849109, 0.9020732788338421, 0.8927164384910864, 0.9177582980399881, 0.9011622180636265, 0.9150251157293411, 0.9134984733576282, 0.9014576972323451, 0.8884073672806068, 0.8884812370727864]"
Breast Cancer,GMM,8,22,0.7778169014084507,0.03246750910381559,"[0.8413523096621688, 0.8280803703338914, 0.7562543090712105, 0.7871072589382448, 0.8325618043927903, 0.7674086476903378, 0.729661183886536, 0.7981877277651925, 0.7652171771890083, 0.7356446370530878, 0.791933418693982, 0.7785383630454052, 0.8071013493548704, 0.7658327587905052, 0.7227912932138285, 0.7503447256968383, 0.792598246823599, 0.7784152467251059, 0.7808037033389146, 0.7465034965034965]"
Breast Cancer,GMM,12,18,0.6929712892741061,0.03838773932890095,"[0.7654387865655471, 0.7580764306116419, 0.7060967201812272, 0.6863488624052004, 0.7683689549886732, 0.6832955776617747, 0.6268344331724613, 0.6732985324534619, 0.6992268295085197, 0.6462621885157096, 0.7255983453166551, 0.679651334580912, 0.695114744410519, 0.6924554318920517, 0.6321038116812764, 0.6821875307790801, 0.6752930168423126, 0.6970599822712498, 0.7100364424308085, 0.6566778292130404]"
Breast Cancer,GMM,16,14,0.6214407071801438,0.03168263959529158,"[0.6948685117699201, 0.6560622476115434, 0.6056338028169015, 0.5895794346498572, 0.6763025706687678, 0.5770461932433762, 0.5775140352605141, 0.5988131586723136, 0.624150497389934, 0.6061508913621589, 0.6395646606914213, 0.6157539643455138, 0.6431842805082242, 0.6510391017433271, 0.5874618339407072, 0.6063971240027579, 0.6111001674381956, 0.638136511375948, 0.6373731901900915, 0.5926819659214025]"
Breast Cancer,GMM,20,10,0.5700667290456024,0.026099942653945395,"[0.6369792179651335, 0.5920910075839653, 0.5718506845267408, 0.5495666305525461, 0.5905643652122525, 0.5237860730818478, 0.5721954102235792, 0.5359253422633705, 0.585787451984635, 0.5468580715059588, 0.5893578252733183, 0.5499359795134443, 0.6043287698217277, 0.5854919728159165, 0.5524475524475525, 0.5761597557372206, 0.5416379395252635, 0.5725401359204175, 0.5727863685610164, 0.551044026396139]"
Breast Cancer,GMM,24,6,0.5382965625923372,0.021017941509796044,"[0.586649266226731, 0.5358514724711908, 0.5690436324239141, 0.5478183788042943, 0.5310991825076332, 0.5082241701960012, 0.5424751305032995, 0.5075100955382645, 0.5333152762730228, 0.5213729932039791, 0.5494681374963064, 0.500418595489018, 0.5587511080468828, 0.5382153058209397, 0.520782034866542, 0.5208312813946617, 0.5367132867132867, 0.5525952920319117, 0.556141042056535, 0.5486555697823303]"
Breast Cancer,GMM,28,2,0.527121294198759,0.014320168246663337,"[0.5417856791096227, 0.5047769132276175, 0.5135427952329361, 0.5127302275189599, 0.5151679306608884, 0.5597852851373979, 0.5215699793164581, 0.5566088840736728, 0.51905840638235, 0.517581010538757, 0.5273810696345909, 0.5414163301487245, 0.5225549098788536, 0.5179749827637152, 0.515685019206146, 0.537722840539742, 0.524598640795824, 0.5359253422633704, 0.5215453560523983, 0.5350142814931548]"
Breast Cancer,CVAE,0,30,0.7602875997242196,0.030748969414239425,"[0.7467251058800355, 0.7417019600118192, 0.7966610853934798, 0.7270757411602482, 0.7489658229094849, 0.7744016546833449, 0.7164877376144981, 0.7888555106864966, 0.7525608194622279, 0.7577563281788634, 0.7955037919826652, 0.7569191372008274, 0.8003545750024623, 0.7636905348172953, 0.7416527134836994, 0.7611297153550676, 0.6875554023441348, 0.8255934206638431, 0.7558849601103124, 0.7662759775435832]"
Breast Cancer,CVAE,4,26,0.7425847040283661,0.030502990308800697,"[0.7447306214911849, 0.7247365310745593, 0.7779227814439083, 0.705948980596868, 0.72884861617256, 0.7596523195114744, 0.7271988574805477, 0.7677287501231163, 0.7248104008667389, 0.7515020191076529, 0.7805328474342559, 0.731360189106668, 0.7696247414557273, 0.7617206736925046, 0.7074756229685808, 0.7355461439968483, 0.6737909977346597, 0.8137250073869791, 0.7309415936176499, 0.733896385304836]"
Breast Cancer,CVAE,8,22,0.7162759775435833,0.02805752103845053,"[0.7420220624445977, 0.7054072687875504, 0.7419728159164779, 0.6852408155225057, 0.7137791785679111, 0.7309908401457698, 0.6996454249975378, 0.7429823697429331, 0.6930710134935487, 0.7182606126268097, 0.7635920417610559, 0.695336353787058, 0.7344627203782134, 0.7454446961489216, 0.6759085984438097, 0.694055944055944, 0.669703535900719, 0.7699448438885059, 0.6935634787747463, 0.7101349354870481]"
Breast Cancer,CVAE,12,18,0.6721892544075643,0.030952154457885933,"[0.6858071505958829, 0.6516546833448242, 0.7214123904264748, 0.6382350044321875, 0.656160740667783, 0.6852900620506254, 0.658672313601891, 0.695114744410519, 0.6327932630749532, 0.6768442824780855, 0.7357431301093273, 0.6500541711809318, 0.6855116714271644, 0.6979956663055255, 0.6380133950556486, 0.6479365704717817, 0.6279671033192161, 0.7256968383728947, 0.6777060967201813, 0.6551758101053876]"
Breast Cancer,CVAE,16,14,0.6502770117206736,0.025160038052891995,"[0.6639416921107062, 0.6159263271939328, 0.7128434945336354, 0.622032896680784, 0.6353294592731211, 0.6448832857283562, 0.6327193932827735, 0.6809071210479662, 0.6384073672806067, 0.6496601989559736, 0.6640155619028858, 0.6490199940904167, 0.650004924652812, 0.6757362355953904, 0.6187826258248792, 0.6381611346400078, 0.6114941396631537, 0.6805870186151877, 0.6733970255097015, 0.6476903378311829]"
Breast Cancer,CVAE,20,10,0.6123953511277455,0.022293107510473566,"[0.6446124298236974, 0.6232148133556584, 0.6627597754358318, 0.5820693391115926, 0.6186841327686399, 0.6106077021569979, 0.5847778981581797, 0.6241012508618142, 0.6117649955678125, 0.6389244558258642, 0.5951935388555106, 0.6118142420959323, 0.6200137890278735, 0.6129961587708066, 0.5848517679503595, 0.6100659903476805, 0.5736728060671723, 0.6385058603368462, 0.6049443514232247, 0.5943317246134148]"
Breast Cancer,CVAE,24,6,0.6238119275091105,0.02850673880751574,"[0.659731113956466, 0.6134886240520043, 0.6898946124298238, 0.57840047276667, 0.6297399783315276, 0.6157293410814537, 0.6147690337831183, 0.6225253619619817, 0.6259233724022457, 0.6603220722939034, 0.6410420565350143, 0.6027528809218949, 0.6713286713286714, 0.589604057913917, 0.6057815424012607, 0.6357234314980793, 0.5922633704323845, 0.6237319019009159, 0.6140057125972619, 0.5894809415936177]"
Breast Cancer,CVAE,28,2,0.5171870383137989,0.010273724605443527,"[0.5143061164187925, 0.5222594307101349, 0.5437062937062938, 0.5149463212843494, 0.5112774549394268, 0.5128040973111396, 0.5129272136314389, 0.5295971633999803, 0.5248202501723628, 0.5169900522013198, 0.5134689254407565, 0.5094553333989953, 0.5131488230079779, 0.5092091007583965, 0.5166453265044815, 0.5103417709051512, 0.51482320496405, 0.5417118093174431, 0.503398010440264, 0.5079040677632226]"
Diabetes,Bootstrap,0,8,0.7143324110243056,0.022453630889877924,"[0.713623046875, 0.7084554036458333, 0.7451307508680556, 0.6974826388888888, 0.7451578776041666, 0.7186550564236112, 0.6970486111111112, 0.7450629340277778, 0.7082112630208333, 0.6612141927083334, 0.6942816840277778, 0.7305636935763888, 0.7086452907986112, 0.7432725694444444, 0.6852213541666667, 0.6970350477430556, 0.6978759765625, 0.7298583984375, 0.7356092664930556, 0.7242431640625]"
Diabetes,Bootstrap,1,7,0.7170064290364585,0.02383263645995637,"[0.7137044270833334, 0.7172173394097222, 0.7538113064236112, 0.7022569444444444, 0.7558458116319444, 0.7115207248263888, 0.697781032986111, 0.7424858940972222, 0.7134195963541667, 0.6614583333333333, 0.6949055989583334, 0.7318115234375, 0.7107340494791667, 0.7511393229166667, 0.6848958333333334, 0.7015380859375, 0.7016465928819444, 0.7375081380208334, 0.7321370442708334, 0.7243109809027778]"
Diabetes,Bootstrap,2,6,0.7186292860243056,0.025326335297873506,"[0.72265625, 0.704250759548611, 0.7537841796875, 0.7088216145833334, 0.7592637803819444, 0.7124159071180556, 0.694580078125, 0.7520345052083334, 0.7046034071180556, 0.6680772569444444, 0.695556640625, 0.7365587022569444, 0.7165391710069444, 0.7530924479166666, 0.680691189236111, 0.7008192274305556, 0.7015109592013888, 0.7431233723958334, 0.7383761935763888, 0.725830078125]"
Diabetes,Bootstrap,3,5,0.7206197102864582,0.026211752972115174,"[0.7252875434027778, 0.7086181640625, 0.7496066623263888, 0.7081705729166666, 0.7602945963541667, 0.7180040147569444, 0.6961805555555556, 0.7549913194444444, 0.7065836588541667, 0.6688368055555556, 0.6990695529513888, 0.7333713107638888, 0.7217475043402778, 0.7599283854166667, 0.6764322916666666, 0.6970621744791667, 0.7058512369791667, 0.7493082682291667, 0.7440728081597222, 0.7289767795138888]"
Diabetes,Bootstrap,4,4,0.7154432508680555,0.022646248624876724,"[0.7229682074652778, 0.6961263020833334, 0.7411702473958333, 0.7019992404513888, 0.75439453125, 0.7116834852430556, 0.7069091796875, 0.7335476345486112, 0.7119683159722222, 0.6799045138888888, 0.7018229166666667, 0.7433539496527778, 0.7292751736111112, 0.7381184895833334, 0.6741672092013888, 0.6958821614583334, 0.6794569227430556, 0.7179226345486112, 0.7375759548611112, 0.7306179470486112]"
Diabetes,Bootstrap,5,3,0.6780863444010417,0.021130969363538775,"[0.6834852430555556, 0.6532660590277778, 0.6970621744791666, 0.6700303819444444, 0.7006429036458333, 0.6828477647569444, 0.6768798828125, 0.6982828776041666, 0.6894259982638888, 0.6462131076388888, 0.6357286241319444, 0.7014567057291666, 0.7019992404513888, 0.6856689453125, 0.6522216796875, 0.6766493055555556, 0.6538764105902778, 0.6863606770833333, 0.7111680772569444, 0.6584608289930556]"
Diabetes,Bootstrap,6,2,0.6161098904079861,0.021879804037857546,"[0.5911593967013888, 0.6084798177083334, 0.6579454210069444, 0.6215277777777779, 0.6665310329861112, 0.5975070529513888, 0.600830078125, 0.6174045138888888, 0.6202799479166667, 0.5997178819444444, 0.5709228515625, 0.6247829861111112, 0.6271837022569444, 0.6409912109375, 0.6080186631944444, 0.6212022569444444, 0.5982530381944444, 0.6159803602430556, 0.6314832899305555, 0.6019965277777778]"
Diabetes,Column-wise,0,8,0.7867757161458333,0.024265702590162707,"[0.7967122395833333, 0.744384765625, 0.8215738932291667, 0.7936062282986112, 0.8201361762152777, 0.7842339409722221, 0.8029513888888888, 0.746554904513889, 0.7902696397569444, 0.7725965711805556, 0.7615695529513888, 0.7808295355902779, 0.801364474826389, 0.7513563368055555, 0.816650390625, 0.7614474826388888, 0.8160942925347222, 0.8045789930555555, 0.8008897569444444, 0.7677137586805555]"
Diabetes,Column-wise,1,7,0.7621283637152778,0.02235864620760502,"[0.7599962022569444, 0.7112358940972221, 0.7879638671875, 0.7722846137152778, 0.7958848741319444, 0.755859375, 0.7706570095486112, 0.7231580946180555, 0.7694363064236112, 0.75537109375, 0.7415635850694444, 0.7566189236111112, 0.7802191840277779, 0.7492404513888888, 0.7743598090277778, 0.7294921874999999, 0.7985297309027778, 0.7765435112847223, 0.7702772352430556, 0.7638753255208334]"
Diabetes,Column-wise,2,6,0.6992234971788195,0.02389383652119466,"[0.6862521701388888, 0.6484510633680556, 0.7214762369791667, 0.7102728949652778, 0.7400987413194446, 0.7169325086805556, 0.7177598741319444, 0.661865234375, 0.6878390842013888, 0.708346896701389, 0.686279296875, 0.6963975694444445, 0.7287868923611112, 0.6546088324652778, 0.7148708767361112, 0.6816813151041666, 0.7112358940972221, 0.7107069227430556, 0.71142578125, 0.689181857638889]"
Diabetes,Column-wise,3,5,0.7013217502170138,0.023440437162287886,"[0.7003716362847222, 0.6523980034722223, 0.7330186631944444, 0.7003716362847222, 0.7312554253472221, 0.7326117621527778, 0.6991916232638888, 0.65478515625, 0.6920030381944444, 0.7032199435763888, 0.6947970920138888, 0.6986626519097222, 0.7317572699652777, 0.667697482638889, 0.7064480251736112, 0.6758355034722222, 0.7199978298611112, 0.7120768229166665, 0.7153049045138888, 0.7046305338541667]"
Diabetes,Column-wise,4,4,0.5649312337239583,0.023731772364647793,"[0.5660671657986112, 0.5276014539930556, 0.5723470052083334, 0.5784640842013891, 0.5970458984375, 0.5913357204861112, 0.573337131076389, 0.5457899305555556, 0.5320231119791666, 0.5797390407986112, 0.5543484157986112, 0.5450032552083334, 0.5921630859375, 0.529812282986111, 0.5967881944444444, 0.5312906901041666, 0.5937364366319444, 0.5641276041666666, 0.5825059678819444, 0.5450981987847222]"
Diabetes,Column-wise,5,3,0.5317803276909723,0.01957478458597937,"[0.5302327473958333, 0.5028618706597222, 0.5436197916666666, 0.5214165581597222, 0.54345703125, 0.5665418836805555, 0.5245496961805556, 0.5292833116319445, 0.5209418402777778, 0.54833984375, 0.5647650824652778, 0.5135362413194444, 0.5408121744791667, 0.5028754340277778, 0.5593804253472223, 0.5275472005208333, 0.5543484157986112, 0.503173828125, 0.5169135199652777, 0.5210096571180556]"
Diabetes,Column-wise,6,2,0.5167283799913195,0.012035449332471092,"[0.5328640407986112, 0.521484375, 0.5064697265625, 0.5017361111111112, 0.5315483940972222, 0.50146484375, 0.5106201171874999, 0.5233968098958333, 0.5050726996527778, 0.5265163845486112, 0.5009901258680557, 0.5198703342013888, 0.5285101996527778, 0.5122477213541666, 0.513699001736111, 0.5338948567708333, 0.5364312065972222, 0.5013020833333333, 0.5046522352430556, 0.5217963324652778]"
Diabetes,GMM,0,8,0.9772901746961805,0.005473801762150132,"[0.9753960503472223, 0.9780815972222222, 0.9847819010416667, 0.9779866536458334, 0.9771185980902779, 0.9721408420138888, 0.9690348307291667, 0.9815809461805556, 0.9708930121527777, 0.9770643446180556, 0.9863145616319444, 0.9863009982638888, 0.979763454861111, 0.9657931857638888, 0.9805501302083334, 0.9701470269097221, 0.9799397786458333, 0.9800618489583334, 0.974758572048611, 0.9780951605902778]"
Diabetes,GMM,1,7,0.9587171766493056,0.007283588127400076,"[0.9551052517361112, 0.9599745008680555, 0.9670817057291667, 0.9585503472222221, 0.9537896050347222, 0.9631754557291666, 0.9626329210069443, 0.9599745008680556, 0.9473063151041666, 0.9555799696180556, 0.9664171006944445, 0.9640977647569444, 0.9519314236111112, 0.9520670572916667, 0.9684380425347222, 0.9389784071180556, 0.966064453125, 0.9558376736111112, 0.9644775390625, 0.962863498263889]"
Diabetes,GMM,2,6,0.9089090983072916,0.011808980864815771,"[0.899685329861111, 0.9063585069444444, 0.9187961154513888, 0.9334038628472221, 0.8944363064236112, 0.9170600043402778, 0.9114176432291667, 0.9244791666666666, 0.8958468967013891, 0.8930121527777777, 0.9123942057291666, 0.9205457899305557, 0.9035780164930556, 0.9041341145833333, 0.9067518446180556, 0.8951551649305557, 0.932373046875, 0.9035101996527778, 0.9021809895833333, 0.9030626085069444]"
Diabetes,GMM,3,5,0.8536756727430556,0.016043348705847043,"[0.8358832465277777, 0.856350368923611, 0.8556857638888888, 0.8735487196180556, 0.8443332248263888, 0.8594563802083334, 0.8624945746527778, 0.8709716796875, 0.8140055338541666, 0.8428412543402777, 0.8645562065972223, 0.8555908203125, 0.865926106770833, 0.8499213324652778, 0.845974392361111, 0.8332112630208333, 0.8912353515625, 0.8460828993055556, 0.8517659505208333, 0.8536783854166666]"
Diabetes,GMM,4,4,0.7834648980034722,0.02297354620953507,"[0.783908420138889, 0.7819959852430556, 0.7734375, 0.8061659071180556, 0.7639295789930555, 0.8123643663194444, 0.7706163194444444, 0.828952365451389, 0.7373725043402779, 0.7906358506944444, 0.7743598090277777, 0.7815890842013888, 0.815334743923611, 0.7899712456597222, 0.7489963107638888, 0.7499728732638888, 0.8121473524305556, 0.7792561848958333, 0.7814127604166666, 0.7868787977430555]"
Diabetes,GMM,5,3,0.7754252115885418,0.02402633618681944,"[0.7669813368055556, 0.7765570746527778, 0.7901204427083333, 0.7966986762152777, 0.7693956163194444, 0.7901204427083333, 0.7580023871527777, 0.8363308376736112, 0.7327067057291666, 0.7896592881944444, 0.7761094835069443, 0.7903645833333334, 0.7828640407986112, 0.7769097222222223, 0.7725694444444444, 0.7290039062499998, 0.7735053168402778, 0.7333577473958333, 0.7925482855902778, 0.7746988932291667]"
Diabetes,GMM,6,2,0.6702677408854167,0.02646799809473536,"[0.6638997395833333, 0.6772189670138888, 0.6689995659722222, 0.6844753689236112, 0.7069498697916665, 0.6873101128472223, 0.6621500651041667, 0.7262641059027778, 0.6517876519097223, 0.6880967881944444, 0.6833767361111112, 0.6634385850694445, 0.6655680338541666, 0.6595323350694444, 0.6409098307291666, 0.6230333116319445, 0.6934543185763888, 0.6116400824652779, 0.6933186848958335, 0.6539306640625]"
Diabetes,CVAE,0,8,0.9935187445746528,0.002368768646643749,"[0.9923773871527777, 0.9871826171875, 0.996337890625, 0.993136935763889, 0.9955512152777777, 0.9911566840277778, 0.9941677517361112, 0.9930419921875, 0.9956868489583333, 0.9927164713541666, 0.9900309244791667, 0.991970486111111, 0.9954291449652778, 0.995212131076389, 0.9946153428819444, 0.9951307508680556, 0.9957275390625, 0.9941541883680555, 0.9962700737847222, 0.990478515625]"
Diabetes,CVAE,1,7,0.9842603895399303,0.00556514177012336,"[0.9832628038194444, 0.9715033637152777, 0.9856499565972223, 0.9842936197916667, 0.9874403211805555, 0.9855821397569444, 0.9929877387152778, 0.9832492404513888, 0.9913330078125, 0.9866943359375, 0.9745008680555556, 0.979736328125, 0.9796820746527779, 0.980075412326389, 0.9836968315972222, 0.9878607855902778, 0.9893391927083333, 0.9886067708333334, 0.9917805989583333, 0.9779324001736112]"
Diabetes,CVAE,2,6,0.9707919650607637,0.008532251696384616,"[0.9765489366319444, 0.9570448133680556, 0.9670545789930556, 0.974365234375, 0.9676242404513888, 0.9650065104166665, 0.9853922526041667, 0.969021267361111, 0.9828016493055556, 0.9745144314236112, 0.9600694444444445, 0.9698350694444444, 0.9576958550347222, 0.961819118923611, 0.973782009548611, 0.9862196180555556, 0.972900390625, 0.9696587456597223, 0.9813096788194444, 0.9631754557291665]"
Diabetes,CVAE,3,5,0.96429443359375,0.010139541158640741,"[0.9693467881944444, 0.9502088758680556, 0.9586995442708334, 0.9595540364583333, 0.9629041883680556, 0.9611138237847222, 0.9775254991319443, 0.9630805121527778, 0.974853515625, 0.9709337022569444, 0.9581976996527778, 0.957790798611111, 0.9588758680555556, 0.9576551649305556, 0.9688449435763888, 0.983791775173611, 0.9769015842013888, 0.9560275607638888, 0.9772949218749999, 0.942287868923611]"
Diabetes,CVAE,4,4,0.9679063585069445,0.010796828270998959,"[0.963623046875, 0.9508463541666667, 0.9618598090277778, 0.9684922960069444, 0.9593505859374999, 0.9756673177083333, 0.9750705295138888, 0.9607069227430556, 0.9816758897569444, 0.9692518446180556, 0.9611138237847223, 0.965969509548611, 0.9711642795138888, 0.9583468967013888, 0.9744194878472222, 0.9903428819444444, 0.9743109809027778, 0.962646484375, 0.9864773220486112, 0.9467909071180556]"
Diabetes,CVAE,5,3,0.9607306586371527,0.009546609991558907,"[0.9691297743055557, 0.9564073350694444, 0.9393717447916666, 0.9614529079861112, 0.9483506944444444, 0.9648980034722223, 0.9580078125000001, 0.9592013888888888, 0.9706895616319444, 0.9737548828125, 0.9700520833333333, 0.9578450520833334, 0.9488389756944444, 0.9498155381944445, 0.9588894314236112, 0.9767795138888888, 0.9674479166666666, 0.9605984157986112, 0.970608181423611, 0.9524739583333333]"
Diabetes,CVAE,6,2,0.8147121853298611,0.0151171558379917,"[0.8100043402777778, 0.8297119140625, 0.7867024739583334, 0.8089328342013888, 0.83935546875, 0.8005777994791667, 0.8077935112847223, 0.8180202907986112, 0.8041314019097223, 0.8283013237847223, 0.8124728732638888, 0.8028835720486112, 0.7973361545138888, 0.7975124782986109, 0.8175455729166666, 0.850490993923611, 0.811916775173611, 0.816948784722222, 0.8249376085069444, 0.8286675347222222]"
