dataset,method,repeat,tstr_f1,trtr_f1,utility_gap_abs
HIV,Bootstrap,0,0.9784172661870504,0.9787994891443168,0.0003822229572664204
HIV,Bootstrap,1,0.9714285714285714,0.9574844006568146,0.013944170771756803
HIV,Bootstrap,2,0.9714285714285714,0.9714103265827404,1.824484583101693e-05
HIV,Bootstrap,3,0.9784172661870504,0.971851851851852,0.006565414335198416
HIV,Bootstrap,4,0.9714285714285714,0.9653333333333334,0.0060952380952380425
HIV,Bootstrap,5,0.9855072463768116,0.9719211822660098,0.013586064110801876
HIV,Bootstrap,6,0.9784172661870504,0.9603345280764636,0.018082738110586805
HIV,Bootstrap,7,0.9714285714285714,0.9496989600437876,0.021729611384783798
HIV,Bootstrap,8,0.9714285714285714,0.9719029374201787,0.0004743659916073284
HIV,Bootstrap,9,0.9714285714285714,0.97192118226601,0.0004926108374385674
HIV,Bootstrap,10,0.9714285714285714,0.9728735632183908,0.0014449917898193831
HIV,Bootstrap,11,0.9714285714285714,0.9594628952804704,0.011965676148101068
HIV,Bootstrap,12,0.9784172661870504,0.9723809523809523,0.006036313806098037
HIV,Bootstrap,13,0.9784172661870504,0.958128078817734,0.020289187369316397
HIV,Bootstrap,14,0.9714285714285714,0.9723627075351212,0.0009341361065497988
HIV,Bootstrap,15,0.9714285714285714,0.9713920817369092,3.648969166225591e-05
HIV,Bootstrap,16,0.9784172661870504,0.9713920817369092,0.00702518445014122
HIV,Bootstrap,17,0.9714285714285714,0.9645137748586023,0.006914796569969073
HIV,Bootstrap,18,0.9784172661870504,0.9713920817369092,0.00702518445014122
HIV,Bootstrap,19,0.9784172661870504,0.9782886334610472,0.0001286327260031639
HIV,Column-wise,0,0.9852941176470588,0.9787994891443168,0.0064946285027419615
HIV,Column-wise,1,0.9777777777777776,0.9574844006568146,0.02029337712096302
HIV,Column-wise,2,0.9927007299270072,0.9714103265827404,0.021290403344266795
HIV,Column-wise,3,0.9852941176470588,0.971851851851852,0.013442265795206798
HIV,Column-wise,4,0.9927007299270072,0.9653333333333334,0.02736739659367382
HIV,Column-wise,5,0.9927007299270072,0.9719211822660098,0.020779547660997433
HIV,Column-wise,6,0.9927007299270072,0.9603345280764636,0.03236620185054362
HIV,Column-wise,7,0.9927007299270072,0.9496989600437876,0.043001769883219576
HIV,Column-wise,8,0.9927007299270072,0.9719029374201787,0.02079779250682845
HIV,Column-wise,9,0.9852941176470588,0.97192118226601,0.013372935381048778
HIV,Column-wise,10,0.9852941176470588,0.9728735632183908,0.012420554428667963
HIV,Column-wise,11,0.9852941176470588,0.9594628952804704,0.025831222366588413
HIV,Column-wise,12,0.9927007299270072,0.9723809523809523,0.02031977754605485
HIV,Column-wise,13,0.9927007299270072,0.958128078817734,0.03457265110927321
HIV,Column-wise,14,0.9852941176470588,0.9723627075351212,0.012931410111937547
HIV,Column-wise,15,0.9927007299270072,0.9713920817369092,0.021308648190098034
HIV,Column-wise,16,0.9852941176470588,0.9713920817369092,0.013902035910149602
HIV,Column-wise,17,0.9927007299270072,0.9645137748586023,0.02818695506840485
HIV,Column-wise,18,0.9927007299270072,0.9713920817369092,0.021308648190098034
HIV,Column-wise,19,0.9852941176470588,0.9782886334610472,0.007005484186011546
HIV,SMOTE,0,0.9640287769784172,0.9787994891443168,0.014770712165899647
HIV,SMOTE,1,0.9710144927536232,0.9574844006568146,0.013530092096808555
HIV,SMOTE,2,0.9710144927536232,0.9714103265827404,0.0003958338291172314
HIV,SMOTE,3,0.9710144927536232,0.971851851851852,0.000837359098228796
HIV,SMOTE,4,0.9710144927536232,0.9653333333333334,0.005681159420289794
HIV,SMOTE,5,0.978102189781022,0.9719211822660098,0.006181007515012271
HIV,SMOTE,6,0.978102189781022,0.9603345280764636,0.017767661704558457
HIV,SMOTE,7,0.9710144927536232,0.9496989600437876,0.02131553270983555
HIV,SMOTE,8,0.9640287769784172,0.9719029374201787,0.00787416044176159
HIV,SMOTE,9,0.978102189781022,0.97192118226601,0.006181007515012049
HIV,SMOTE,10,0.978102189781022,0.9728735632183908,0.005228626562631233
HIV,SMOTE,11,0.9710144927536232,0.9594628952804704,0.01155159747315282
HIV,SMOTE,12,0.9710144927536232,0.9723809523809523,0.0013664596273291751
HIV,SMOTE,13,0.9710144927536232,0.958128078817734,0.012886413935889185
HIV,SMOTE,14,0.978102189781022,0.9723627075351212,0.005739482245900818
HIV,SMOTE,15,0.978102189781022,0.9713920817369092,0.006710108044112872
HIV,SMOTE,16,0.978102189781022,0.9713920817369092,0.006710108044112872
HIV,SMOTE,17,0.9710144927536232,0.9645137748586023,0.006500717895020824
HIV,SMOTE,18,0.978102189781022,0.9713920817369092,0.006710108044112872
HIV,SMOTE,19,0.9710144927536232,0.9782886334610472,0.007274140707424048
HIV,GMM-guided SMOTE,0,0.9784172661870504,0.9787994891443168,0.0003822229572664204
HIV,GMM-guided SMOTE,1,0.9784172661870504,0.9574844006568146,0.020932865530235767
HIV,GMM-guided SMOTE,2,0.9855072463768116,0.9714103265827404,0.014096919794071239
HIV,GMM-guided SMOTE,3,0.9855072463768116,0.971851851851852,0.013655394524959674
HIV,GMM-guided SMOTE,4,0.9855072463768116,0.9653333333333334,0.020173913043478264
HIV,GMM-guided SMOTE,5,0.9784172661870504,0.9719211822660098,0.0064960839210406185
HIV,GMM-guided SMOTE,6,0.9855072463768116,0.9603345280764636,0.025172718300348063
HIV,GMM-guided SMOTE,7,0.9784172661870504,0.9496989600437876,0.028718306143262762
HIV,GMM-guided SMOTE,8,0.9784172661870504,0.9719029374201787,0.006514328766871635
HIV,GMM-guided SMOTE,9,0.9784172661870504,0.97192118226601,0.0064960839210403964
HIV,GMM-guided SMOTE,10,0.9855072463768116,0.9728735632183908,0.012633683158420839
HIV,GMM-guided SMOTE,11,0.9784172661870504,0.9594628952804704,0.01895437090658003
HIV,GMM-guided SMOTE,12,0.9855072463768116,0.9723809523809523,0.013126293995859295
HIV,GMM-guided SMOTE,13,0.9784172661870504,0.958128078817734,0.020289187369316397
HIV,GMM-guided SMOTE,14,0.9855072463768116,0.9723627075351212,0.013144538841690423
HIV,GMM-guided SMOTE,15,0.9855072463768116,0.9713920817369092,0.014115164639902478
HIV,GMM-guided SMOTE,16,0.9710144927536232,0.9713920817369092,0.00037758898328599244
HIV,GMM-guided SMOTE,17,0.9855072463768116,0.9645137748586023,0.020993471518209295
HIV,GMM-guided SMOTE,18,0.9784172661870504,0.9713920817369092,0.00702518445014122
HIV,GMM-guided SMOTE,19,0.9784172661870504,0.9782886334610472,0.0001286327260031639
HIV,CVAE,0,0.9640287769784172,0.9787994891443168,0.014770712165899647
HIV,CVAE,1,0.9640287769784172,0.9574844006568146,0.006544376321602541
HIV,CVAE,2,0.9635036496350364,0.9714103265827404,0.007906676947703972
HIV,CVAE,3,0.9571428571428572,0.971851851851852,0.014708994708994783
HIV,CVAE,4,0.9640287769784172,0.9653333333333334,0.0013045563549162198
HIV,CVAE,5,0.9710144927536232,0.9719211822660098,0.0009066895123865937
HIV,CVAE,6,0.9571428571428572,0.9603345280764636,0.003191670933606394
HIV,CVAE,7,0.9640287769784172,0.9496989600437876,0.014329816934629536
HIV,CVAE,8,0.9571428571428572,0.9719029374201787,0.014760080277321563
HIV,CVAE,9,0.9640287769784172,0.97192118226601,0.00789240528759283
HIV,CVAE,10,0.9571428571428572,0.9728735632183908,0.015730706075533618
HIV,CVAE,11,0.9640287769784172,0.9594628952804704,0.004565881697946805
HIV,CVAE,12,0.9710144927536232,0.9723809523809523,0.0013664596273291751
HIV,CVAE,13,0.9640287769784172,0.958128078817734,0.005900698160683171
HIV,CVAE,14,0.9640287769784172,0.9723627075351212,0.008333930556704061
HIV,CVAE,15,0.9640287769784172,0.9713920817369092,0.007363304758492006
HIV,CVAE,16,0.9640287769784172,0.9713920817369092,0.007363304758492006
HIV,CVAE,17,0.9640287769784172,0.9645137748586023,0.0004849978801851895
HIV,CVAE,18,0.9496402877697842,0.9713920817369092,0.02175179396712501
HIV,CVAE,19,0.9640287769784172,0.9782886334610472,0.014259856482630062
Breast Cancer,Bootstrap,0,0.988795518207283,0.9693090695899408,0.019486448617342167
Breast Cancer,Bootstrap,1,0.988795518207283,0.9708217339834628,0.017973784223820122
Breast Cancer,Bootstrap,2,0.988795518207283,0.969345700438464,0.019449817768818933
Breast Cancer,Bootstrap,3,0.9873772791023844,0.9721019255727504,0.01527535352963394
Breast Cancer,Bootstrap,4,0.988795518207283,0.9653388938833948,0.023456624323888176
Breast Cancer,Bootstrap,5,0.988795518207283,0.9651268184702836,0.023668699736999366
Breast Cancer,Bootstrap,6,0.988795518207283,0.9760991556439162,0.012696362563366703
Breast Cancer,Bootstrap,7,0.9859550561797752,0.966544694946722,0.019410361233053175
Breast Cancer,Bootstrap,8,0.9902097902097902,0.9667799902865468,0.023429799923243344
Breast Cancer,Bootstrap,9,0.988795518207283,0.9696248109727528,0.019170707234530182
Breast Cancer,Bootstrap,10,0.9874125874125874,0.9679932432166384,0.01941934419594904
Breast Cancer,Bootstrap,11,0.988795518207283,0.9708713059980912,0.017924212209191714
Breast Cancer,Bootstrap,12,0.9873772791023844,0.9664538468160264,0.020923432286357957
Breast Cancer,Bootstrap,13,0.9859943977591036,0.9679659653137276,0.018028432445375997
Breast Cancer,Bootstrap,14,0.9873772791023844,0.9707574934276236,0.016619785674760745
Breast Cancer,Bootstrap,15,0.9874125874125874,0.9705158896269096,0.016896697785677817
Breast Cancer,Bootstrap,16,0.988795518207283,0.9705801880897432,0.01821533011753973
Breast Cancer,Bootstrap,17,0.9902097902097902,0.967790849404936,0.02241894080485418
Breast Cancer,Bootstrap,18,0.988795518207283,0.9708620689655172,0.017933449241765764
Breast Cancer,Bootstrap,19,0.988795518207283,0.9666815530600982,0.022113965147184778
Breast Cancer,Column-wise,0,0.9531914893617022,0.9693090695899408,0.016117580228238615
Breast Cancer,Column-wise,1,0.9544159544159544,0.9708217339834628,0.01640577956750844
Breast Cancer,Column-wise,2,0.9502133712660028,0.969345700438464,0.019132329172461215
Breast Cancer,Column-wise,3,0.9518413597733713,0.9721019255727504,0.020260565799379182
Breast Cancer,Column-wise,4,0.9517045454545454,0.9653388938833948,0.013634348428849363
Breast Cancer,Column-wise,5,0.953058321479374,0.9651268184702836,0.012068496990909616
Breast Cancer,Column-wise,6,0.9517045454545454,0.9760991556439162,0.024394610189370836
Breast Cancer,Column-wise,7,0.9545454545454546,0.966544694946722,0.01199924040126743
Breast Cancer,Column-wise,8,0.9531914893617022,0.9667799902865468,0.013588500924844649
Breast Cancer,Column-wise,9,0.9545454545454546,0.9696248109727528,0.015079356427298185
Breast Cancer,Column-wise,10,0.950354609929078,0.9679932432166384,0.017638633287560324
Breast Cancer,Column-wise,11,0.9544159544159544,0.9708713059980912,0.016455351582136846
Breast Cancer,Column-wise,12,0.953058321479374,0.9664538468160264,0.013395525336652447
Breast Cancer,Column-wise,13,0.9544159544159544,0.9679659653137276,0.01355001089777319
Breast Cancer,Column-wise,14,0.953058321479374,0.9707574934276236,0.01769917194824966
Breast Cancer,Column-wise,15,0.950354609929078,0.9705158896269096,0.020161279697831547
Breast Cancer,Column-wise,16,0.950354609929078,0.9705801880897432,0.02022557816066517
Breast Cancer,Column-wise,17,0.9517045454545454,0.967790849404936,0.016086303950390568
Breast Cancer,Column-wise,18,0.9559032716927454,0.9708620689655172,0.014958797272771829
Breast Cancer,Column-wise,19,0.9514285714285714,0.9666815530600982,0.015252981631526774
Breast Cancer,SMOTE,0,0.9875173370319,0.9693090695899408,0.018208267441959247
Breast Cancer,SMOTE,1,0.9861111111111112,0.9708217339834628,0.01528937712764833
Breast Cancer,SMOTE,2,0.9833795013850416,0.969345700438464,0.01403380094657758
Breast Cancer,SMOTE,3,0.984743411927878,0.9721019255727504,0.012641486355127518
Breast Cancer,SMOTE,4,0.9833333333333332,0.9653388938833948,0.017994439449938393
Breast Cancer,SMOTE,5,0.9819694868238558,0.9651268184702836,0.016842668353572177
Breast Cancer,SMOTE,6,0.984743411927878,0.9760991556439162,0.008644256283961704
Breast Cancer,SMOTE,7,0.984743411927878,0.966544694946722,0.018198716981155938
Breast Cancer,SMOTE,8,0.9861111111111112,0.9667799902865468,0.01933112082456434
Breast Cancer,SMOTE,9,0.984743411927878,0.9696248109727528,0.015118600955125183
Breast Cancer,SMOTE,10,0.9833333333333332,0.9679932432166384,0.015340090116694793
Breast Cancer,SMOTE,11,0.984743411927878,0.9708713059980912,0.013872105929786716
Breast Cancer,SMOTE,12,0.9860724233983288,0.9664538468160264,0.01961857658230237
Breast Cancer,SMOTE,13,0.9833333333333332,0.9679659653137276,0.015367368019605587
Breast Cancer,SMOTE,14,0.9847009735744088,0.9707574934276236,0.013943480146785148
Breast Cancer,SMOTE,15,0.984743411927878,0.9705158896269096,0.014227522300968354
Breast Cancer,SMOTE,16,0.984743411927878,0.9705801880897432,0.01416322383813473
Breast Cancer,SMOTE,17,0.9819694868238558,0.967790849404936,0.014178637418919782
Breast Cancer,SMOTE,18,0.9819694868238558,0.9708620689655172,0.011107417858338575
Breast Cancer,SMOTE,19,0.9833795013850416,0.9666815530600982,0.016697948324943424
Breast Cancer,GMM-guided SMOTE,0,0.9666666666666668,0.9693090695899408,0.002642402923274001
Breast Cancer,GMM-guided SMOTE,1,0.9722222222222222,0.9708217339834628,0.0014004882387593787
Breast Cancer,GMM-guided SMOTE,2,0.9680998613037448,0.969345700438464,0.0012458391347192066
Breast Cancer,GMM-guided SMOTE,3,0.9694444444444444,0.9721019255727504,0.002657481128305994
Breast Cancer,GMM-guided SMOTE,4,0.9707927677329624,0.9653388938833948,0.0054538738495676364
Breast Cancer,GMM-guided SMOTE,5,0.9707927677329624,0.9651268184702836,0.005665949262678827
Breast Cancer,GMM-guided SMOTE,6,0.9722222222222222,0.9760991556439162,0.00387693342169404
Breast Cancer,GMM-guided SMOTE,7,0.9707112970711296,0.966544694946722,0.004166602124407559
Breast Cancer,GMM-guided SMOTE,8,0.9707927677329624,0.9667799902865468,0.004012777446415594
Breast Cancer,GMM-guided SMOTE,9,0.9693593314763232,0.9696248109727528,0.0002654794964295215
Breast Cancer,GMM-guided SMOTE,10,0.9694444444444444,0.9679932432166384,0.0014512012278060649
Breast Cancer,GMM-guided SMOTE,11,0.9694444444444444,0.9708713059980912,0.0014268615536467966
Breast Cancer,GMM-guided SMOTE,12,0.9735744089012516,0.9664538468160264,0.007120562085225157
Breast Cancer,GMM-guided SMOTE,13,0.9693593314763232,0.9679659653137276,0.0013933661625956661
Breast Cancer,GMM-guided SMOTE,14,0.9694444444444444,0.9707574934276236,0.001313048983179188
Breast Cancer,GMM-guided SMOTE,15,0.9680111265646733,0.9705158896269096,0.002504763062236348
Breast Cancer,GMM-guided SMOTE,16,0.9707927677329624,0.9705801880897432,0.00021257964321919065
Breast Cancer,GMM-guided SMOTE,17,0.9707112970711296,0.967790849404936,0.002920447666193593
Breast Cancer,GMM-guided SMOTE,18,0.9735744089012516,0.9708620689655172,0.002712339935734387
Breast Cancer,GMM-guided SMOTE,19,0.9694444444444444,0.9666815530600982,0.0027628913843462666
Breast Cancer,CVAE,0,0.9627586206896552,0.9693090695899408,0.006550448900285555
Breast Cancer,CVAE,1,0.9614325068870524,0.9708217339834628,0.009389227096410435
Breast Cancer,CVAE,2,0.9573590096286108,0.969345700438464,0.011986690809853262
Breast Cancer,CVAE,3,0.9574759945130316,0.9721019255727504,0.014625931059718877
Breast Cancer,CVAE,4,0.9627586206896552,0.9653388938833948,0.0025802731937395462
Breast Cancer,CVAE,5,0.9614325068870524,0.9651268184702836,0.0036943115832311912
Breast Cancer,CVAE,6,0.9629629629629628,0.9760991556439162,0.013136192680953451
Breast Cancer,CVAE,7,0.9601100412654744,0.966544694946722,0.006434653681247626
Breast Cancer,CVAE,8,0.9587912087912088,0.9667799902865468,0.007988781495337993
Breast Cancer,CVAE,9,0.9586776859504132,0.9696248109727528,0.010947125022339521
Breast Cancer,CVAE,10,0.9601100412654744,0.9679932432166384,0.007883201951163987
Breast Cancer,CVAE,11,0.9613259668508288,0.9708713059980912,0.00954533914726241
Breast Cancer,CVAE,12,0.9627586206896552,0.9664538468160264,0.003695226126371187
Breast Cancer,CVAE,13,0.9614325068870524,0.9679659653137276,0.006533458426675187
Breast Cancer,CVAE,14,0.9628610729023384,0.9707574934276236,0.007896420525285275
Breast Cancer,CVAE,15,0.9602194787379972,0.9705158896269096,0.010296410888912422
Breast Cancer,CVAE,16,0.9627586206896552,0.9705801880897432,0.007821567400087992
Breast Cancer,CVAE,17,0.9627586206896552,0.967790849404936,0.005032228715280751
Breast Cancer,CVAE,18,0.96,0.9708620689655172,0.010862068965517224
Breast Cancer,CVAE,19,0.9614325068870524,0.9666815530600982,0.005249046173045779
Diabetes,Bootstrap,0,0.8587570621468926,0.6359960861930593,0.22276097595383337
Diabetes,Bootstrap,1,0.8544423440453687,0.6296346279644762,0.22480771608089245
Diabetes,Bootstrap,2,0.8587570621468926,0.6210862729012853,0.23767078924560736
Diabetes,Bootstrap,3,0.8657844990548205,0.6451070392839708,0.22067745977084963
Diabetes,Bootstrap,4,0.8598484848484849,0.6362267885082725,0.22362169634021234
Diabetes,Bootstrap,5,0.8603773584905661,0.6255585478845398,0.23481881060602627
Diabetes,Bootstrap,6,0.8566037735849057,0.6435508539302139,0.21305291965469175
Diabetes,Bootstrap,7,0.8528301886792453,0.6159927967683466,0.2368373919108987
Diabetes,Bootstrap,8,0.8549905838041432,0.649232335415272,0.20575824838887113
Diabetes,Bootstrap,9,0.8593155893536122,0.6348353685070081,0.22448022084660413
Diabetes,Bootstrap,10,0.8517110266159695,0.6365191768940761,0.21519184972189342
Diabetes,Bootstrap,11,0.8560606060606061,0.6275005117364929,0.22856009432411317
Diabetes,Bootstrap,12,0.8560606060606061,0.6172505397693369,0.23881006629126922
Diabetes,Bootstrap,13,0.8587570621468926,0.6337125422251281,0.22504451992176455
Diabetes,Bootstrap,14,0.8587570621468926,0.6279664995529702,0.2307905625939224
Diabetes,Bootstrap,15,0.8544423440453687,0.6291838540516805,0.22525848999368814
Diabetes,Bootstrap,16,0.8582230623818525,0.6008207399687338,0.2574023224131188
Diabetes,Bootstrap,17,0.8598484848484849,0.6181328578875844,0.24171562696090043
Diabetes,Bootstrap,18,0.8500948766603416,0.6274351146454851,0.2226597620148565
Diabetes,Bootstrap,19,0.8528301886792453,0.6365643879667371,0.21626580071250823
Diabetes,Column-wise,0,0.6527514231499051,0.6359960861930593,0.016755336956845834
Diabetes,Column-wise,1,0.6564885496183206,0.6296346279644762,0.02685392165384437
Diabetes,Column-wise,2,0.6565464895635673,0.6210862729012853,0.03546021666228205
Diabetes,Column-wise,3,0.6590909090909091,0.6451070392839708,0.01398386980693822
Diabetes,Column-wise,4,0.665406427221172,0.6362267885082725,0.029179638712899525
Diabetes,Column-wise,5,0.6716981132075471,0.6255585478845398,0.04613956532300734
Diabetes,Column-wise,6,0.6604127579737336,0.6435508539302139,0.016861904043519615
Diabetes,Column-wise,7,0.6666666666666666,0.6159927967683466,0.05067386989832001
Diabetes,Column-wise,8,0.6679245283018868,0.649232335415272,0.018692192886614722
Diabetes,Column-wise,9,0.6666666666666666,0.6348353685070081,0.03183129815965857
Diabetes,Column-wise,10,0.6679174484052532,0.6365191768940761,0.031398271511177134
Diabetes,Column-wise,11,0.6641651031894934,0.6275005117364929,0.036664591453000495
Diabetes,Column-wise,12,0.6654135338345865,0.6172505397693369,0.0481629940652496
Diabetes,Column-wise,13,0.6679174484052532,0.6337125422251281,0.03420490618012517
Diabetes,Column-wise,14,0.6704331450094162,0.6279664995529702,0.04246664545644596
Diabetes,Column-wise,15,0.6654135338345865,0.6291838540516805,0.03622967978290592
Diabetes,Column-wise,16,0.6666666666666666,0.6008207399687338,0.06584592669793288
Diabetes,Column-wise,17,0.6578449905482041,0.6181328578875844,0.03971213266061968
Diabetes,Column-wise,18,0.659047619047619,0.6274351146454851,0.03161250440213392
Diabetes,Column-wise,19,0.6641509433962264,0.6365643879667371,0.02758655542948929
Diabetes,SMOTE,0,0.7692307692307693,0.6359960861930593,0.13323468303771002
Diabetes,SMOTE,1,0.7575150300601202,0.6296346279644762,0.127880402095644
Diabetes,SMOTE,2,0.7595959595959596,0.6210862729012853,0.13850968669467434
Diabetes,SMOTE,3,0.7565392354124748,0.6451070392839708,0.11143219612850397
Diabetes,SMOTE,4,0.7565392354124748,0.6362267885082725,0.12031244690420229
Diabetes,SMOTE,5,0.7555555555555555,0.6255585478845398,0.12999700767101574
Diabetes,SMOTE,6,0.7605633802816901,0.6435508539302139,0.11701252635147619
Diabetes,SMOTE,7,0.76,0.6159927967683466,0.1440072032316534
Diabetes,SMOTE,8,0.7645875251509054,0.649232335415272,0.11535518973563341
Diabetes,SMOTE,9,0.7649402390438247,0.6348353685070081,0.13010487053681663
Diabetes,SMOTE,10,0.7645875251509054,0.6365191768940761,0.12806834825682933
Diabetes,SMOTE,11,0.7601626016260162,0.6275005117364929,0.13266208988952333
Diabetes,SMOTE,12,0.7615230460921844,0.6172505397693369,0.1442725063228475
Diabetes,SMOTE,13,0.7580645161290323,0.6337125422251281,0.12435197390390418
Diabetes,SMOTE,14,0.7580645161290323,0.6279664995529702,0.13009801657606201
Diabetes,SMOTE,15,0.7575150300601202,0.6291838540516805,0.12833117600843968
Diabetes,SMOTE,16,0.7555555555555555,0.6008207399687338,0.15473481558682178
Diabetes,SMOTE,17,0.7586206896551724,0.6181328578875844,0.14048783176758795
Diabetes,SMOTE,18,0.7575150300601202,0.6274351146454851,0.13007991541463515
Diabetes,SMOTE,19,0.7555555555555555,0.6365643879667371,0.11899116758881845
Diabetes,GMM-guided SMOTE,0,0.7657841140529531,0.6359960861930593,0.12978802785989385
Diabetes,GMM-guided SMOTE,1,0.7682926829268293,0.6296346279644762,0.13865805496235306
Diabetes,GMM-guided SMOTE,2,0.7591836734693878,0.6210862729012853,0.1380974005681025
Diabetes,GMM-guided SMOTE,3,0.763265306122449,0.6451070392839708,0.11815826683847819
Diabetes,GMM-guided SMOTE,4,0.7730061349693251,0.6362267885082725,0.1367793464610526
Diabetes,GMM-guided SMOTE,5,0.7581967213114754,0.6255585478845398,0.13263817342693562
Diabetes,GMM-guided SMOTE,6,0.7607361963190185,0.6435508539302139,0.11718534238880451
Diabetes,GMM-guided SMOTE,7,0.7663934426229508,0.6159927967683466,0.15040064585460422
Diabetes,GMM-guided SMOTE,8,0.7764227642276422,0.649232335415272,0.1271904288123702
Diabetes,GMM-guided SMOTE,9,0.756198347107438,0.6348353685070081,0.12136297860043
Diabetes,GMM-guided SMOTE,10,0.7622950819672131,0.6365191768940761,0.12577590507313696
Diabetes,GMM-guided SMOTE,11,0.7723577235772358,0.6275005117364929,0.14485721184074285
Diabetes,GMM-guided SMOTE,12,0.7654320987654321,0.6172505397693369,0.1481815589960952
Diabetes,GMM-guided SMOTE,13,0.769857433808554,0.6337125422251281,0.1361448915834259
Diabetes,GMM-guided SMOTE,14,0.7663934426229508,0.6279664995529702,0.1384269430699806
Diabetes,GMM-guided SMOTE,15,0.7789046653144016,0.6291838540516805,0.14972081126272108
Diabetes,GMM-guided SMOTE,16,0.7540983606557377,0.6008207399687338,0.1532776206870039
Diabetes,GMM-guided SMOTE,17,0.7587628865979381,0.6181328578875844,0.14063002871035368
Diabetes,GMM-guided SMOTE,18,0.7764227642276422,0.6274351146454851,0.14898764958215716
Diabetes,GMM-guided SMOTE,19,0.7682926829268293,0.6365643879667371,0.1317282949600922
Diabetes,CVAE,0,0.6177105831533477,0.6359960861930593,0.018285503039711548
Diabetes,CVAE,1,0.6030368763557483,0.6296346279644762,0.026597751608727904
Diabetes,CVAE,2,0.6136865342163356,0.6210862729012853,0.007399738684949697
Diabetes,CVAE,3,0.6153846153846154,0.6451070392839708,0.02972242389935542
Diabetes,CVAE,4,0.6190476190476191,0.6362267885082725,0.017179169460653454
Diabetes,CVAE,5,0.6170678336980306,0.6255585478845398,0.008490714186509152
Diabetes,CVAE,6,0.6061946902654868,0.6435508539302139,0.03735616366472716
Diabetes,CVAE,7,0.6086956521739131,0.6159927967683466,0.007297144594433536
Diabetes,CVAE,8,0.610752688172043,0.649232335415272,0.038479647243229054
Diabetes,CVAE,9,0.6021978021978022,0.6348353685070081,0.03263756630920589
Diabetes,CVAE,10,0.6004415011037527,0.6365191768940761,0.036077675790323394
Diabetes,CVAE,11,0.6065934065934065,0.6275005117364929,0.020907105143086357
Diabetes,CVAE,12,0.6381156316916489,0.6172505397693369,0.020865091922312007
Diabetes,CVAE,13,0.6047516198704104,0.6337125422251281,0.0289609223547177
Diabetes,CVAE,14,0.6163793103448276,0.6279664995529702,0.011587189208142612
Diabetes,CVAE,15,0.6083150984682714,0.6291838540516805,0.02086875558340917
Diabetes,CVAE,16,0.6136865342163356,0.6008207399687338,0.012865794247601814
Diabetes,CVAE,17,0.6147186147186147,0.6181328578875844,0.003414243168969766
Diabetes,CVAE,18,0.6223175965665236,0.6274351146454851,0.005117518078961436
Diabetes,CVAE,19,0.6193548387096774,0.6365643879667371,0.017209549257059642
HIV,GMM,0,0.9710144927536232,0.9787994891443168,0.007784996390693633
HIV,GMM,1,0.9855072463768116,0.9574844006568146,0.028022845719997025
HIV,GMM,2,0.9781021897810219,0.9714103265827404,0.006691863198281522
HIV,GMM,3,0.9710144927536232,0.9718518518518519,0.0008373590982286849
HIV,GMM,4,0.9855072463768116,0.9653333333333334,0.020173913043478264
HIV,GMM,5,0.9710144927536232,0.9719211822660098,0.0009066895123865937
HIV,GMM,6,0.9710144927536232,0.9603345280764636,0.010679964677159592
HIV,GMM,7,0.9710144927536232,0.9496989600437876,0.02131553270983555
HIV,GMM,8,0.9710144927536232,0.9719029374201789,0.0008884446665556878
HIV,GMM,9,0.9781021897810219,0.97192118226601,0.006181007515011938
HIV,GMM,10,0.9784172661870504,0.9728735632183909,0.00554370296865947
HIV,GMM,11,0.9855072463768116,0.9594628952804705,0.02604435109634118
HIV,GMM,12,0.9710144927536232,0.9723809523809525,0.0013664596273292862
HIV,GMM,13,0.9784172661870504,0.958128078817734,0.020289187369316397
HIV,GMM,14,0.9710144927536232,0.9723627075351213,0.0013482147814981582
HIV,GMM,15,0.9784172661870504,0.9713920817369093,0.007025184450141109
HIV,GMM,16,0.9710144927536232,0.9713920817369093,0.00037758898328610346
HIV,GMM,17,0.9710144927536232,0.9645137748586023,0.006500717895020824
HIV,GMM,18,0.9710144927536232,0.9713920817369093,0.00037758898328610346
HIV,GMM,19,0.9710144927536232,0.9782886334610472,0.007274140707424048
Breast Cancer,GMM,0,0.9678321678321679,0.9693090695899409,0.0014769017577730414
Breast Cancer,GMM,1,0.9678321678321679,0.9708217339834629,0.0029895661512950866
Breast Cancer,GMM,2,0.9678321678321679,0.9693457004384639,0.001513532606296053
Breast Cancer,GMM,3,0.9634831460674157,0.9721019255727505,0.00861877950533485
Breast Cancer,GMM,4,0.9648382559774965,0.9653388938833949,0.0005006379058983823
Breast Cancer,GMM,5,0.9649368863955119,0.9651268184702835,0.00018993207477158158
Breast Cancer,GMM,6,0.9663865546218487,0.9760991556439162,0.009712601022067502
Breast Cancer,GMM,7,0.9649368863955119,0.966544694946722,0.0016078085512101215
Breast Cancer,GMM,8,0.9649368863955119,0.9667799902865468,0.0018431038910349251
Breast Cancer,GMM,9,0.9649368863955119,0.9696248109727529,0.004687924577240987
Breast Cancer,GMM,10,0.9663865546218487,0.9679932432166384,0.0016066885947896292
Breast Cancer,GMM,11,0.9678321678321679,0.9708713059980912,0.003039138165923383
Breast Cancer,GMM,12,0.9663865546218487,0.9664538468160264,6.729219417767052e-05
Breast Cancer,GMM,13,0.9678321678321679,0.9679659653137277,0.00013379748155983862
Breast Cancer,GMM,14,0.9620253164556962,0.9707574934276237,0.008732176971927519
Breast Cancer,GMM,15,0.9649368863955119,0.9705158896269095,0.005579003231397595
Breast Cancer,GMM,16,0.9663865546218487,0.9705801880897432,0.004193633467894475
Breast Cancer,GMM,17,0.9662921348314607,0.9677908494049359,0.0014987145734751683
Breast Cancer,GMM,18,0.9678321678321679,0.9708620689655172,0.003029901133349333
Breast Cancer,GMM,19,0.9678321678321679,0.9666815530600982,0.0011506147720696802
Diabetes,GMM,0,0.6293103448275862,0.6359960861930593,0.0066857413654730635
Diabetes,GMM,1,0.6324786324786325,0.6296346279644762,0.0028440045141562287
Diabetes,GMM,2,0.6266094420600858,0.6210862729012853,0.005523169158800578
Diabetes,GMM,3,0.6282051282051282,0.6451070392839708,0.016901911078842646
Diabetes,GMM,4,0.635593220338983,0.6362267885082725,0.0006335681692895001
Diabetes,GMM,5,0.6336206896551724,0.6255585478845398,0.00806214177063258
Diabetes,GMM,6,0.6177105831533477,0.6435508539302139,0.025840270776866237
Diabetes,GMM,7,0.6297872340425532,0.6159927967683466,0.013794437274206595
Diabetes,GMM,8,0.6186440677966102,0.649232335415272,0.030588267618661846
Diabetes,GMM,9,0.6277056277056277,0.6348353685070081,0.007129740801380402
Diabetes,GMM,10,0.6242038216560509,0.6365191768940761,0.012315355238025183
Diabetes,GMM,11,0.6396588486140725,0.6275005117364929,0.012158336877579612
Diabetes,GMM,12,0.630901287553648,0.6172505397693369,0.01365074778431119
Diabetes,GMM,13,0.6290672451193059,0.6337125422251281,0.004645297105822177
Diabetes,GMM,14,0.6252676659528907,0.6279664995529702,0.0026988336000794977
Diabetes,GMM,15,0.6252676659528907,0.6291838540516805,0.003916188098789797
Diabetes,GMM,16,0.6284501061571125,0.6008207399687338,0.027629366188378746
Diabetes,GMM,17,0.6282051282051282,0.6181328578875844,0.010072270317543763
Diabetes,GMM,18,0.6266094420600858,0.6274351146454851,0.0008256725853992286
Diabetes,GMM,19,0.6209850107066381,0.6365643879667371,0.015579377260098948
