dataset,proportion_permuted,percent_permuted,repeat,discriminator_auc,edge_jaccard,n_real_edges,n_perturbed_edges,glasso_alpha,edge_recovery
HIV,0.0,0.0,0,0.5,1.0,186,186,0.504,1.0
HIV,0.0,0.0,1,0.5,1.0,186,186,0.504,1.0
HIV,0.0,0.0,2,0.5,1.0,186,186,0.504,1.0
HIV,0.0,0.0,3,0.5,1.0,186,186,0.504,1.0
HIV,0.0,0.0,4,0.5,1.0,186,186,0.504,1.0
HIV,0.0,0.0,5,0.5,1.0,186,186,0.504,1.0
HIV,0.0,0.0,6,0.5,1.0,186,186,0.504,1.0
HIV,0.0,0.0,7,0.5,1.0,186,186,0.504,1.0
HIV,0.0,0.0,8,0.5,1.0,186,186,0.504,1.0
HIV,0.0,0.0,9,0.5,1.0,186,186,0.504,1.0
HIV,0.1,10.0,0,0.5567107750472589,0.59,186,132,0.504,0.6344086021505376
HIV,0.1,10.0,1,0.6521739130434783,0.6984924623115578,186,152,0.504,0.7473118279569892
HIV,0.1,10.0,2,0.6077504725897921,0.6119402985074627,186,138,0.504,0.6612903225806451
HIV,0.1,10.0,3,0.5841209829867675,0.654639175257732,186,135,0.504,0.6827956989247311
HIV,0.1,10.0,4,0.5784499054820416,0.5612244897959183,186,120,0.504,0.5913978494623656
HIV,0.1,10.0,5,0.5727788279773156,0.6243654822335025,186,134,0.504,0.6612903225806451
HIV,0.1,10.0,6,0.5765595463137997,0.6532663316582915,186,143,0.504,0.6989247311827957
HIV,0.1,10.0,7,0.5954631379962193,0.6649746192893401,186,142,0.504,0.7043010752688172
HIV,0.1,10.0,8,0.5330812854442344,0.6414141414141414,186,139,0.504,0.6827956989247311
HIV,0.1,10.0,9,0.501890359168242,0.5714285714285714,186,122,0.504,0.6021505376344086
HIV,0.25,25.0,0,0.5387523629489603,0.20634920634920634,186,42,0.504,0.20967741935483872
HIV,0.25,25.0,1,0.503780718336484,0.3526315789473684,186,71,0.504,0.3602150537634409
HIV,0.25,25.0,2,0.5075614366729678,0.24210526315789474,186,50,0.504,0.24731182795698922
HIV,0.25,25.0,3,0.5122873345935728,0.3177083333333333,186,67,0.504,0.3279569892473118
HIV,0.25,25.0,4,0.551984877126654,0.2789473684210526,186,57,0.504,0.2849462365591398
HIV,0.25,25.0,5,0.5453686200378072,0.33507853403141363,186,69,0.504,0.3440860215053764
HIV,0.25,25.0,6,0.5217391304347827,0.21164021164021163,186,43,0.504,0.21505376344086022
HIV,0.25,25.0,7,0.5396975425330812,0.27979274611398963,186,61,0.504,0.29032258064516125
HIV,0.25,25.0,8,0.5236294896030246,0.19895287958115182,186,43,0.504,0.20430107526881722
HIV,0.25,25.0,9,0.5727788279773157,0.20526315789473684,186,43,0.504,0.20967741935483872
HIV,0.5,50.0,0,0.7637051039697542,0.03723404255319149,186,9,0.504,0.03763440860215054
HIV,0.5,50.0,1,0.6559546313799622,0.0427807486631016,186,9,0.504,0.043010752688172046
HIV,0.5,50.0,2,0.6795841209829867,0.026737967914438502,186,6,0.504,0.026881720430107527
HIV,0.5,50.0,3,0.8223062381852552,0.058823529411764705,186,12,0.504,0.05913978494623656
HIV,0.5,50.0,4,0.6465028355387523,0.0374331550802139,186,8,0.504,0.03763440860215054
HIV,0.5,50.0,5,0.7325141776937618,0.026737967914438502,186,6,0.504,0.026881720430107527
HIV,0.5,50.0,6,0.720226843100189,0.053475935828877004,186,11,0.504,0.053763440860215055
HIV,0.5,50.0,7,0.7485822306238186,0.0481283422459893,186,10,0.504,0.04838709677419355
HIV,0.5,50.0,8,0.6862003780718336,0.03208556149732621,186,7,0.504,0.03225806451612904
HIV,0.5,50.0,9,0.6947069943289226,0.0213903743315508,186,5,0.504,0.021505376344086016
HIV,0.75,75.0,0,0.8109640831758034,0.010752688172043012,186,2,0.504,0.010752688172043012
HIV,0.75,75.0,1,0.9177693761814745,0.0,186,1,0.504,0.0
HIV,0.75,75.0,2,0.724007561436673,0.0,186,1,0.504,0.0
HIV,0.75,75.0,3,0.8790170132325142,0.0,186,0,0.504,0.0
HIV,0.75,75.0,4,0.7287334593572778,0.010752688172043012,186,2,0.504,0.010752688172043012
HIV,0.75,75.0,5,0.7362948960302457,0.0053475935828877,186,2,0.504,0.005376344086021506
HIV,0.75,75.0,6,0.7306238185255198,0.0053475935828877,186,2,0.504,0.005376344086021506
HIV,0.75,75.0,7,0.8620037807183365,0.010752688172043012,186,2,0.504,0.010752688172043012
HIV,0.75,75.0,8,0.7542533081285444,0.010752688172043012,186,2,0.504,0.010752688172043012
HIV,0.75,75.0,9,0.8922495274102079,0.005376344086021506,186,1,0.504,0.005376344086021506
HIV,1.0,100.0,0,0.7901701323251418,0.005319148936170213,186,3,0.504,0.005376344086021506
HIV,1.0,100.0,1,0.7504725897920606,0.0,186,0,0.504,0.0
HIV,1.0,100.0,2,0.7136105860113421,0.005376344086021506,186,1,0.504,0.005376344086021506
HIV,1.0,100.0,3,0.7731568998109641,0.0,186,1,0.504,0.0
HIV,1.0,100.0,4,0.7098298676748582,0.0,186,1,0.504,0.0
HIV,1.0,100.0,5,0.7107750472589792,0.0,186,0,0.504,0.0
HIV,1.0,100.0,6,0.6644612476370511,0.0,186,0,0.504,0.0
HIV,1.0,100.0,7,0.7570888468809074,0.0,186,1,0.504,0.0
HIV,1.0,100.0,8,0.7684310018903591,0.0,186,1,0.504,0.0
HIV,1.0,100.0,9,0.7674858223062382,0.005376344086021506,186,1,0.504,0.005376344086021506
Breast Cancer,0.0,0.0,0,0.5000000000000001,1.0,97,97,0.502,1.0
Breast Cancer,0.0,0.0,1,0.5000000000000001,1.0,97,97,0.502,1.0
Breast Cancer,0.0,0.0,2,0.5000000000000001,1.0,97,97,0.502,1.0
Breast Cancer,0.0,0.0,3,0.5000000000000001,1.0,97,97,0.502,1.0
Breast Cancer,0.0,0.0,4,0.5000000000000001,1.0,97,97,0.502,1.0
Breast Cancer,0.0,0.0,5,0.5000000000000001,1.0,97,97,0.502,1.0
Breast Cancer,0.0,0.0,6,0.5000000000000001,1.0,97,97,0.502,1.0
Breast Cancer,0.0,0.0,7,0.5000000000000001,1.0,97,97,0.502,1.0
Breast Cancer,0.0,0.0,8,0.5000000000000001,1.0,97,97,0.502,1.0
Breast Cancer,0.0,0.0,9,0.5,1.0,97,97,0.502,1.0
Breast Cancer,0.1,10.0,0,0.6825272629468434,0.8095238095238095,97,93,0.502,0.8762886597938145
Breast Cancer,0.1,10.0,1,0.6691280747224803,0.8640776699029126,97,95,0.502,0.9175257731958761
Breast Cancer,0.1,10.0,2,0.6703017262457822,0.8712871287128713,97,92,0.502,0.9072164948453609
Breast Cancer,0.1,10.0,3,0.6587608195999805,0.8333333333333334,97,90,0.502,0.8762886597938144
Breast Cancer,0.1,10.0,4,0.706244804146902,0.8058252427184466,97,89,0.502,0.8556701030927834
Breast Cancer,0.1,10.0,5,0.6796175852119908,0.7766990291262136,97,86,0.502,0.8247422680412371
Breast Cancer,0.1,10.0,6,0.6687857596948505,0.8446601941747572,97,93,0.502,0.8969072164948454
Breast Cancer,0.1,10.0,7,0.6859504132231405,0.8018867924528302,97,94,0.502,0.8762886597938144
Breast Cancer,0.1,10.0,8,0.6666096141620618,0.8712871287128713,97,92,0.502,0.9072164948453609
Breast Cancer,0.1,10.0,9,0.6516211061665608,0.89,97,92,0.502,0.9175257731958762
Breast Cancer,0.25,25.0,0,0.9049586776859505,0.638095238095238,97,75,0.502,0.6907216494845361
Breast Cancer,0.25,25.0,1,0.9019022935106852,0.6571428571428571,97,77,0.502,0.711340206185567
Breast Cancer,0.25,25.0,2,0.910289011687613,0.6176470588235294,97,68,0.502,0.6494845360824743
Breast Cancer,0.25,25.0,3,0.919873832461245,0.5904761904761905,97,70,0.502,0.6391752577319587
Breast Cancer,0.25,25.0,4,0.901095408088415,0.6226415094339622,97,75,0.502,0.6804123711340204
Breast Cancer,0.25,25.0,5,0.8621692992322363,0.6057692307692307,97,70,0.502,0.6494845360824741
Breast Cancer,0.25,25.0,6,0.8993593818768644,0.5981308411214953,97,74,0.502,0.6597938144329896
Breast Cancer,0.25,25.0,7,0.8960095848207736,0.5480769230769231,97,64,0.502,0.5876288659793815
Breast Cancer,0.25,25.0,8,0.9232969827375422,0.6538461538461539,97,75,0.502,0.7010309278350517
Breast Cancer,0.25,25.0,9,0.8949826397378845,0.6633663366336634,97,71,0.502,0.6907216494845361
Breast Cancer,0.5,50.0,0,0.995427649273803,0.4205607476635514,97,55,0.502,0.4639175257731959
Breast Cancer,0.5,50.0,1,0.995598806787618,0.42452830188679247,97,54,0.502,0.46391752577319595
Breast Cancer,0.5,50.0,2,0.9926646779793633,0.4411764705882353,97,50,0.502,0.4639175257731958
Breast Cancer,0.5,50.0,3,0.9919066947038975,0.3883495145631068,97,46,0.502,0.41237113402061853
Breast Cancer,0.5,50.0,4,0.9884590933541982,0.4423076923076923,97,53,0.502,0.47422680412371127
Breast Cancer,0.5,50.0,5,0.9928602865665803,0.4095238095238095,97,51,0.502,0.44329896907216493
Breast Cancer,0.5,50.0,6,0.9954521003472053,0.45794392523364486,97,59,0.502,0.5051546391752578
Breast Cancer,0.5,50.0,7,0.9952564917599882,0.45098039215686275,97,51,0.502,0.47422680412371143
Breast Cancer,0.5,50.0,8,0.9951342363929776,0.4056603773584906,97,52,0.502,0.44329896907216493
Breast Cancer,0.5,50.0,9,0.9888747616020344,0.4666666666666667,97,57,0.502,0.5051546391752577
Breast Cancer,0.75,75.0,0,0.9997554892659788,0.3333333333333333,97,39,0.502,0.35051546391752575
Breast Cancer,0.75,75.0,1,0.9991686635043279,0.2980769230769231,97,38,0.502,0.31958762886597936
Breast Cancer,0.75,75.0,2,0.9989241527703067,0.32038834951456313,97,39,0.502,0.3402061855670103
Breast Cancer,0.75,75.0,3,0.9986551909628834,0.3269230769230769,97,41,0.502,0.35051546391752575
Breast Cancer,0.75,75.0,4,0.9999510978531958,0.2815533980582524,97,35,0.502,0.29896907216494845
Breast Cancer,0.75,75.0,5,0.9997065871191746,0.30392156862745096,97,36,0.502,0.3195876288659793
Breast Cancer,0.75,75.0,6,0.9989486038437088,0.36633663366336633,97,41,0.502,0.38144329896907225
Breast Cancer,0.75,75.0,7,0.9999510978531957,0.29523809523809524,97,39,0.502,0.31958762886597936
Breast Cancer,0.75,75.0,8,0.9998532935595873,0.3113207547169811,97,42,0.502,0.3402061855670103
Breast Cancer,0.75,75.0,9,0.9994131742383491,0.33663366336633666,97,38,0.502,0.35051546391752575
Breast Cancer,1.0,100.0,0,0.9997065871191746,0.2815533980582524,97,35,0.502,0.29896907216494845
Breast Cancer,1.0,100.0,1,1.0,0.2647058823529412,97,32,0.502,0.27835051546391754
Breast Cancer,1.0,100.0,2,0.9999021957063915,0.30392156862745096,97,36,0.502,0.3195876288659793
Breast Cancer,1.0,100.0,3,0.999168663504328,0.3,97,33,0.502,0.30927835051546393
Breast Cancer,1.0,100.0,4,0.9993398210181428,0.27884615384615385,97,36,0.502,0.29896907216494845
Breast Cancer,1.0,100.0,5,0.9997065871191745,0.27450980392156865,97,33,0.502,0.288659793814433
Breast Cancer,1.0,100.0,6,0.999608782825566,0.28431372549019607,97,34,0.502,0.29896907216494845
Breast Cancer,1.0,100.0,7,0.9999021957063915,0.3069306930693069,97,35,0.502,0.31958762886597936
Breast Cancer,1.0,100.0,8,0.9998532935595873,0.3137254901960784,97,37,0.502,0.32989690721649484
Breast Cancer,1.0,100.0,9,0.9997065871191746,0.28846153846153844,97,37,0.502,0.30927835051546393
Diabetes,0.0,0.0,0,0.5,1.0,21,21,0.0159,1.0
Diabetes,0.0,0.0,1,0.5,1.0,21,21,0.0159,1.0
Diabetes,0.0,0.0,2,0.5,1.0,21,21,0.0159,1.0
Diabetes,0.0,0.0,3,0.5,1.0,21,21,0.0159,1.0
Diabetes,0.0,0.0,4,0.5,1.0,21,21,0.0159,1.0
Diabetes,0.0,0.0,5,0.5,1.0,21,21,0.0159,1.0
Diabetes,0.0,0.0,6,0.5,1.0,21,21,0.0159,1.0
Diabetes,0.0,0.0,7,0.5,1.0,21,21,0.0159,1.0
Diabetes,0.0,0.0,8,0.5,1.0,21,21,0.0159,1.0
Diabetes,0.0,0.0,9,0.5,1.0,21,21,0.0159,1.0
Diabetes,0.1,10.0,0,0.5161946614583334,0.84,21,25,0.0159,1.0000000000000002
Diabetes,0.1,10.0,1,0.5297173394097222,0.8333333333333334,21,23,0.0159,0.9523809523809523
Diabetes,0.1,10.0,2,0.5217692057291667,0.8333333333333334,21,23,0.0159,0.9523809523809523
Diabetes,0.1,10.0,3,0.5249701605902777,0.9130434782608695,21,23,0.0159,0.9999999999999998
Diabetes,0.1,10.0,4,0.5115424262152778,0.875,21,24,0.0159,1.0
Diabetes,0.1,10.0,5,0.5303276909722222,0.7692307692307693,21,25,0.0159,0.9523809523809526
Diabetes,0.1,10.0,6,0.5463324652777777,0.8333333333333334,21,23,0.0159,0.9523809523809523
Diabetes,0.1,10.0,7,0.5222574869791666,0.875,21,24,0.0159,1.0
Diabetes,0.1,10.0,8,0.5054389105902778,0.7037037037037037,21,25,0.0159,0.9047619047619049
Diabetes,0.1,10.0,9,0.5163167317708334,0.8,21,24,0.0159,0.9523809523809523
Diabetes,0.25,25.0,0,0.5881212022569444,0.7037037037037037,21,25,0.0159,0.9047619047619049
Diabetes,0.25,25.0,1,0.5952555338541667,0.7692307692307693,21,25,0.0159,0.9523809523809526
Diabetes,0.25,25.0,2,0.6144612630208334,0.7307692307692307,21,24,0.0159,0.9047619047619045
Diabetes,0.25,25.0,3,0.5686577690972222,0.8,21,24,0.0159,0.9523809523809523
Diabetes,0.25,25.0,4,0.5973849826388888,0.76,21,23,0.0159,0.9047619047619048
Diabetes,0.25,25.0,5,0.6158854166666666,0.7692307692307693,21,25,0.0159,0.9523809523809526
Diabetes,0.25,25.0,6,0.573025173611111,0.7407407407407407,21,26,0.0159,0.9523809523809522
Diabetes,0.25,25.0,7,0.5864935980902778,0.6923076923076923,21,23,0.0159,0.8571428571428571
Diabetes,0.25,25.0,8,0.5850287543402777,0.6923076923076923,21,23,0.0159,0.8571428571428571
Diabetes,0.25,25.0,9,0.5882703993055556,0.75,21,28,0.0159,1.0
Diabetes,0.5,50.0,0,0.7318793402777777,0.6666666666666666,21,24,0.0159,0.8571428571428571
Diabetes,0.5,50.0,1,0.6581624348958334,0.6785714285714286,21,26,0.0159,0.9047619047619048
Diabetes,0.5,50.0,2,0.7237006293402778,0.6428571428571429,21,25,0.0159,0.8571428571428571
Diabetes,0.5,50.0,3,0.7429470486111112,0.6428571428571429,21,25,0.0159,0.8571428571428571
Diabetes,0.5,50.0,4,0.7078314887152778,0.6428571428571429,21,25,0.0159,0.8571428571428571
Diabetes,0.5,50.0,5,0.7319742838541666,0.7692307692307693,21,25,0.0159,0.9523809523809526
Diabetes,0.5,50.0,6,0.6698540581597222,0.6538461538461539,21,22,0.0159,0.8095238095238096
Diabetes,0.5,50.0,7,0.725735134548611,0.7407407407407407,21,26,0.0159,0.9523809523809522
Diabetes,0.5,50.0,8,0.71533203125,0.6923076923076923,21,23,0.0159,0.8571428571428571
Diabetes,0.5,50.0,9,0.6808403862847221,0.6071428571428571,21,24,0.0159,0.8095238095238093
Diabetes,0.75,75.0,0,0.7880859375,0.4642857142857143,21,20,0.0159,0.619047619047619
Diabetes,0.75,75.0,1,0.7291531032986112,0.6538461538461539,21,22,0.0159,0.8095238095238096
Diabetes,0.75,75.0,2,0.7922905815972223,0.7692307692307693,21,25,0.0159,0.9523809523809526
Diabetes,0.75,75.0,3,0.7720404730902778,0.5357142857142857,21,22,0.0159,0.7142857142857143
Diabetes,0.75,75.0,4,0.7491319444444444,0.6923076923076923,21,23,0.0159,0.8571428571428571
Diabetes,0.75,75.0,5,0.75732421875,0.5555555555555556,21,21,0.0159,0.7142857142857144
Diabetes,0.75,75.0,6,0.735324435763889,0.5416666666666666,21,16,0.0159,0.6190476190476191
Diabetes,0.75,75.0,7,0.7751736111111112,0.7407407407407407,21,26,0.0159,0.9523809523809522
Diabetes,0.75,75.0,8,0.7404920789930555,0.64,21,20,0.0159,0.7619047619047619
Diabetes,0.75,75.0,9,0.7659776475694445,0.6538461538461539,21,22,0.0159,0.8095238095238096
Diabetes,1.0,100.0,0,0.7570665147569444,0.6296296296296297,21,23,0.0159,0.8095238095238095
Diabetes,1.0,100.0,1,0.7762179904513888,0.6923076923076923,21,23,0.0159,0.8571428571428571
Diabetes,1.0,100.0,2,0.7697211371527778,0.6071428571428571,21,24,0.0159,0.8095238095238093
Diabetes,1.0,100.0,3,0.7886284722222222,0.6428571428571429,21,25,0.0159,0.8571428571428571
Diabetes,1.0,100.0,4,0.7356363932291667,0.5357142857142857,21,22,0.0159,0.7142857142857143
Diabetes,1.0,100.0,5,0.7485215928819444,0.6153846153846154,21,21,0.0159,0.7619047619047619
Diabetes,1.0,100.0,6,0.7504204644097223,0.5925925925925926,21,22,0.0159,0.7619047619047619
Diabetes,1.0,100.0,7,0.7503255208333334,0.6428571428571429,21,25,0.0159,0.8571428571428571
Diabetes,1.0,100.0,8,0.7632107204861112,0.6666666666666666,21,24,0.0159,0.8571428571428571
Diabetes,1.0,100.0,9,0.7640245225694444,0.6296296296296297,21,23,0.0159,0.8095238095238095
