dataset,alpha,selected_alpha,feature_a_matrix_index,feature_b_matrix_index,feature_a,feature_b,precision_coefficient
HIV,0.0504,0.504,14,15,V9_Saliva_IgGspike,V9_Saliva_IgGRBD,-5.007481656020457
HIV,0.05473626406914849,0.504,14,15,V9_Saliva_IgGspike,V9_Saliva_IgGRBD,-4.699816072768224
HIV,0.05944560722713403,0.504,14,15,V9_Saliva_IgGspike,V9_Saliva_IgGRBD,-4.41097655113371
HIV,0.06456012807411292,0.504,14,15,V9_Saliva_IgGspike,V9_Saliva_IgGRBD,-4.15551164854711
HIV,0.07011468687703754,0.504,14,15,V9_Saliva_IgGspike,V9_Saliva_IgGRBD,-3.864962269286914
HIV,0.07614714317514262,0.504,14,15,V9_Saliva_IgGspike,V9_Saliva_IgGRBD,-3.6125854459884468
HIV,0.08269861382829098,0.504,14,15,V9_Saliva_IgGspike,V9_Saliva_IgGRBD,-3.37319438995479
HIV,0.08981375326702119,0.504,14,15,V9_Saliva_IgGspike,V9_Saliva_IgGRBD,-3.149688197161474
HIV,0.09754105785446471,0.504,14,15,V9_Saliva_IgGspike,V9_Saliva_IgGRBD,-2.9145451458901683
HIV,0.10593319643464429,0.504,14,15,V9_Saliva_IgGspike,V9_Saliva_IgGRBD,-2.7025362404665887
HIV,0.11504736932015215,0.504,14,15,V9_Saliva_IgGspike,V9_Saliva_IgGRBD,-2.4952242642028484
HIV,0.12494569816604563,0.504,14,15,V9_Saliva_IgGspike,V9_Saliva_IgGRBD,-2.299823561150598
HIV,0.1356956493873174,0.504,14,15,V9_Saliva_IgGspike,V9_Saliva_IgGRBD,-2.1070858150526015
HIV,0.14737049400592847,0.504,14,15,V9_Saliva_IgGspike,V9_Saliva_IgGRBD,-1.9376009576868118
HIV,0.16004980706169375,0.504,14,15,V9_Saliva_IgGspike,V9_Saliva_IgGRBD,-1.7854753309671327
HIV,0.1738200099909749,0.504,14,15,V9_Saliva_IgGspike,V9_Saliva_IgGRBD,-1.617283584798364
HIV,0.18877495967000066,0.504,14,15,V9_Saliva_IgGspike,V9_Saliva_IgGRBD,-1.4722491648470521
HIV,0.20501658813769869,0.504,14,15,V9_Saliva_IgGspike,V9_Saliva_IgGRBD,-1.3371699107855528
HIV,0.2226555973583518,0.504,14,15,V9_Saliva_IgGspike,V9_Saliva_IgGRBD,-1.212343655818391
HIV,0.24181221375953857,0.504,14,15,V9_Saliva_IgGspike,V9_Saliva_IgGRBD,-1.103889827916195
HIV,0.2626170076882438,0.504,14,15,V9_Saliva_IgGspike,V9_Saliva_IgGRBD,-0.9953352490419454
HIV,0.2852117833705023,0.504,14,15,V9_Saliva_IgGspike,V9_Saliva_IgGRBD,-0.8971248777523927
HIV,0.3097505454404878,0.504,14,15,V9_Saliva_IgGspike,V9_Saliva_IgGRBD,-0.8084747438690799
HIV,0.33640054862685154,0.504,14,15,V9_Saliva_IgGspike,V9_Saliva_IgGRBD,-0.7270191863960042
HIV,0.3653434377509083,0.504,14,15,V9_Saliva_IgGspike,V9_Saliva_IgGRBD,-0.6554259875168247
HIV,0.39677648580683,0.504,14,15,V9_Saliva_IgGspike,V9_Saliva_IgGRBD,-0.5912322054314864
HIV,0.4309139385625277,0.504,14,15,V9_Saliva_IgGspike,V9_Saliva_IgGRBD,-0.527348744589322
HIV,0.4679884748459393,0.504,14,15,V9_Saliva_IgGspike,V9_Saliva_IgGRBD,-0.47898670300765217
HIV,0.5082527924699484,0.504,14,15,V9_Saliva_IgGspike,V9_Saliva_IgGRBD,-0.4385018463769337
HIV,0.5519813306055005,0.504,14,15,V9_Saliva_IgGspike,V9_Saliva_IgGRBD,-0.4014798562228633
HIV,0.5994721403425123,0.504,14,15,V9_Saliva_IgGspike,V9_Saliva_IgGRBD,-0.363081653905327
HIV,0.6510489161882024,0.504,14,15,V9_Saliva_IgGspike,V9_Saliva_IgGRBD,-0.3168945059788263
HIV,0.7070632023494122,0.504,14,15,V9_Saliva_IgGspike,V9_Saliva_IgGRBD,-0.26302350040352374
HIV,0.7678967888368097,0.504,14,15,V9_Saliva_IgGspike,V9_Saliva_IgGRBD,-0.20311456764778096
HIV,0.8339643137226742,0.504,14,15,V9_Saliva_IgGspike,V9_Saliva_IgGRBD,-0.13410078220894917
HIV,0.9057160892890967,0.504,14,15,V9_Saliva_IgGspike,V9_Saliva_IgGRBD,-0.06023749316222981
HIV,0.9836411713294541,0.504,14,15,V9_Saliva_IgGspike,V9_Saliva_IgGRBD,0.0
HIV,1.068270692523324,0.504,14,15,V9_Saliva_IgGspike,V9_Saliva_IgGRBD,0.0
HIV,1.1601814826049361,0.504,14,15,V9_Saliva_IgGspike,V9_Saliva_IgGRBD,0.0
HIV,1.26,0.504,14,15,V9_Saliva_IgGspike,V9_Saliva_IgGRBD,0.0
HIV,0.0504,0.504,17,18,V9_blood_IgGRBD,V9Neut,-3.3914834184653415
HIV,0.05473626406914849,0.504,17,18,V9_blood_IgGRBD,V9Neut,-3.2016116315320966
HIV,0.05944560722713403,0.504,17,18,V9_blood_IgGRBD,V9Neut,-3.021974263711416
HIV,0.06456012807411292,0.504,17,18,V9_blood_IgGRBD,V9Neut,-2.8318358078223898
HIV,0.07011468687703754,0.504,17,18,V9_blood_IgGRBD,V9Neut,-2.6778015047737536
HIV,0.07614714317514262,0.504,17,18,V9_blood_IgGRBD,V9Neut,-2.5210808423828195
HIV,0.08269861382829098,0.504,17,18,V9_blood_IgGRBD,V9Neut,-2.3685200969946054
HIV,0.08981375326702119,0.504,17,18,V9_blood_IgGRBD,V9Neut,-2.219781690942423
HIV,0.09754105785446471,0.504,17,18,V9_blood_IgGRBD,V9Neut,-2.0806063095723846
HIV,0.10593319643464429,0.504,17,18,V9_blood_IgGRBD,V9Neut,-1.9460642481229233
HIV,0.11504736932015215,0.504,17,18,V9_blood_IgGRBD,V9Neut,-1.8095738432835953
HIV,0.12494569816604563,0.504,17,18,V9_blood_IgGRBD,V9Neut,-1.6848170386240842
HIV,0.1356956493873174,0.504,17,18,V9_blood_IgGRBD,V9Neut,-1.5592182266645473
HIV,0.14737049400592847,0.504,17,18,V9_blood_IgGRBD,V9Neut,-1.4526345800540186
HIV,0.16004980706169375,0.504,17,18,V9_blood_IgGRBD,V9Neut,-1.34554893425929
HIV,0.1738200099909749,0.504,17,18,V9_blood_IgGRBD,V9Neut,-1.2438687690076293
HIV,0.18877495967000066,0.504,17,18,V9_blood_IgGRBD,V9Neut,-1.146554105435002
HIV,0.20501658813769869,0.504,17,18,V9_blood_IgGRBD,V9Neut,-1.0553358358385445
HIV,0.2226555973583518,0.504,17,18,V9_blood_IgGRBD,V9Neut,-0.9680361251262708
HIV,0.24181221375953857,0.504,17,18,V9_blood_IgGRBD,V9Neut,-0.8898635893896536
HIV,0.2626170076882438,0.504,17,18,V9_blood_IgGRBD,V9Neut,-0.816277591964842
HIV,0.2852117833705023,0.504,17,18,V9_blood_IgGRBD,V9Neut,-0.7463150711765538
HIV,0.3097505454404878,0.504,17,18,V9_blood_IgGRBD,V9Neut,-0.682237845579409
HIV,0.33640054862685154,0.504,17,18,V9_blood_IgGRBD,V9Neut,-0.6238996624459067
HIV,0.3653434377509083,0.504,17,18,V9_blood_IgGRBD,V9Neut,-0.5657149555795038
HIV,0.39677648580683,0.504,17,18,V9_blood_IgGRBD,V9Neut,-0.5123726959669596
HIV,0.4309139385625277,0.504,17,18,V9_blood_IgGRBD,V9Neut,-0.4658202704815944
HIV,0.4679884748459393,0.504,17,18,V9_blood_IgGRBD,V9Neut,-0.417931984716356
HIV,0.5082527924699484,0.504,17,18,V9_blood_IgGRBD,V9Neut,-0.3776371616325137
HIV,0.5519813306055005,0.504,17,18,V9_blood_IgGRBD,V9Neut,-0.33613475225102213
HIV,0.5994721403425123,0.504,17,18,V9_blood_IgGRBD,V9Neut,-0.2960483267860355
HIV,0.6510489161882024,0.504,17,18,V9_blood_IgGRBD,V9Neut,-0.25614748132745374
HIV,0.7070632023494122,0.504,17,18,V9_blood_IgGRBD,V9Neut,-0.2140229806166251
HIV,0.7678967888368097,0.504,17,18,V9_blood_IgGRBD,V9Neut,-0.1659984864400062
HIV,0.8339643137226742,0.504,17,18,V9_blood_IgGRBD,V9Neut,-0.10894998062399976
HIV,0.9057160892890967,0.504,17,18,V9_blood_IgGRBD,V9Neut,-0.042666626020959
HIV,0.9836411713294541,0.504,17,18,V9_blood_IgGRBD,V9Neut,0.0
HIV,1.068270692523324,0.504,17,18,V9_blood_IgGRBD,V9Neut,0.0
HIV,1.1601814826049361,0.504,17,18,V9_blood_IgGRBD,V9Neut,0.0
HIV,1.26,0.504,17,18,V9_blood_IgGRBD,V9Neut,0.0
HIV,0.0504,0.504,42,43,V4_blood_IgGRBD,V4a_blood_IgGRBD,-3.3705714435030174
HIV,0.05473626406914849,0.504,42,43,V4_blood_IgGRBD,V4a_blood_IgGRBD,-3.1336345939897225
HIV,0.05944560722713403,0.504,42,43,V4_blood_IgGRBD,V4a_blood_IgGRBD,-2.924290875310881
HIV,0.06456012807411292,0.504,42,43,V4_blood_IgGRBD,V4a_blood_IgGRBD,-2.721641254074817
HIV,0.07011468687703754,0.504,42,43,V4_blood_IgGRBD,V4a_blood_IgGRBD,-2.5291238694720266
HIV,0.07614714317514262,0.504,42,43,V4_blood_IgGRBD,V4a_blood_IgGRBD,-2.3577695853101805
HIV,0.08269861382829098,0.504,42,43,V4_blood_IgGRBD,V4a_blood_IgGRBD,-2.192415272813463
HIV,0.08981375326702119,0.504,42,43,V4_blood_IgGRBD,V4a_blood_IgGRBD,-2.041851686509712
HIV,0.09754105785446471,0.504,42,43,V4_blood_IgGRBD,V4a_blood_IgGRBD,-1.905821371793098
HIV,0.10593319643464429,0.504,42,43,V4_blood_IgGRBD,V4a_blood_IgGRBD,-1.7871658229101892
HIV,0.11504736932015215,0.504,42,43,V4_blood_IgGRBD,V4a_blood_IgGRBD,-1.6841829061634601
HIV,0.12494569816604563,0.504,42,43,V4_blood_IgGRBD,V4a_blood_IgGRBD,-1.5818469649642624
HIV,0.1356956493873174,0.504,42,43,V4_blood_IgGRBD,V4a_blood_IgGRBD,-1.4923650862409554
HIV,0.14737049400592847,0.504,42,43,V4_blood_IgGRBD,V4a_blood_IgGRBD,-1.4031308741057924
HIV,0.16004980706169375,0.504,42,43,V4_blood_IgGRBD,V4a_blood_IgGRBD,-1.3174718346366474
HIV,0.1738200099909749,0.504,42,43,V4_blood_IgGRBD,V4a_blood_IgGRBD,-1.2342024820191906
HIV,0.18877495967000066,0.504,42,43,V4_blood_IgGRBD,V4a_blood_IgGRBD,-1.153682533882608
HIV,0.20501658813769869,0.504,42,43,V4_blood_IgGRBD,V4a_blood_IgGRBD,-1.0748018147730005
HIV,0.2226555973583518,0.504,42,43,V4_blood_IgGRBD,V4a_blood_IgGRBD,-0.999634202018513
HIV,0.24181221375953857,0.504,42,43,V4_blood_IgGRBD,V4a_blood_IgGRBD,-0.9253805026831711
HIV,0.2626170076882438,0.504,42,43,V4_blood_IgGRBD,V4a_blood_IgGRBD,-0.8536983369583141
HIV,0.2852117833705023,0.504,42,43,V4_blood_IgGRBD,V4a_blood_IgGRBD,-0.7880695934143701
HIV,0.3097505454404878,0.504,42,43,V4_blood_IgGRBD,V4a_blood_IgGRBD,-0.7222580963748418
HIV,0.33640054862685154,0.504,42,43,V4_blood_IgGRBD,V4a_blood_IgGRBD,-0.6588421517220414
HIV,0.3653434377509083,0.504,42,43,V4_blood_IgGRBD,V4a_blood_IgGRBD,-0.5981745336093528
HIV,0.39677648580683,0.504,42,43,V4_blood_IgGRBD,V4a_blood_IgGRBD,-0.5439490145223108
HIV,0.4309139385625277,0.504,42,43,V4_blood_IgGRBD,V4a_blood_IgGRBD,-0.49218273688811054
HIV,0.4679884748459393,0.504,42,43,V4_blood_IgGRBD,V4a_blood_IgGRBD,-0.44430652300639456
HIV,0.5082527924699484,0.504,42,43,V4_blood_IgGRBD,V4a_blood_IgGRBD,-0.3946047879863059
HIV,0.5519813306055005,0.504,42,43,V4_blood_IgGRBD,V4a_blood_IgGRBD,-0.3458939432010798
HIV,0.5994721403425123,0.504,42,43,V4_blood_IgGRBD,V4a_blood_IgGRBD,-0.2969711849710117
HIV,0.6510489161882024,0.504,42,43,V4_blood_IgGRBD,V4a_blood_IgGRBD,-0.24800613276313982
HIV,0.7070632023494122,0.504,42,43,V4_blood_IgGRBD,V4a_blood_IgGRBD,-0.19802378655563674
HIV,0.7678967888368097,0.504,42,43,V4_blood_IgGRBD,V4a_blood_IgGRBD,-0.14558893781307147
HIV,0.8339643137226742,0.504,42,43,V4_blood_IgGRBD,V4a_blood_IgGRBD,-0.0884547131814509
HIV,0.9057160892890967,0.504,42,43,V4_blood_IgGRBD,V4a_blood_IgGRBD,-0.022827644235200565
HIV,0.9836411713294541,0.504,42,43,V4_blood_IgGRBD,V4a_blood_IgGRBD,0.0
HIV,1.068270692523324,0.504,42,43,V4_blood_IgGRBD,V4a_blood_IgGRBD,0.0
HIV,1.1601814826049361,0.504,42,43,V4_blood_IgGRBD,V4a_blood_IgGRBD,0.0
HIV,1.26,0.504,42,43,V4_blood_IgGRBD,V4a_blood_IgGRBD,0.0
HIV,0.0504,0.504,41,43,V4a_blood_IgGspike,V4a_blood_IgGRBD,-3.101508652451179
HIV,0.05473626406914849,0.504,41,43,V4a_blood_IgGspike,V4a_blood_IgGRBD,-2.8997985776729864
HIV,0.05944560722713403,0.504,41,43,V4a_blood_IgGspike,V4a_blood_IgGRBD,-2.7161443746074676
HIV,0.06456012807411292,0.504,41,43,V4a_blood_IgGspike,V4a_blood_IgGRBD,-2.5270402195445936
HIV,0.07011468687703754,0.504,41,43,V4a_blood_IgGspike,V4a_blood_IgGRBD,-2.3458631320816656
HIV,0.07614714317514262,0.504,41,43,V4a_blood_IgGspike,V4a_blood_IgGRBD,-2.1856508431094053
HIV,0.08269861382829098,0.504,41,43,V4a_blood_IgGspike,V4a_blood_IgGRBD,-2.0152089271438207
HIV,0.08981375326702119,0.504,41,43,V4a_blood_IgGspike,V4a_blood_IgGRBD,-1.8661028633020484
HIV,0.09754105785446471,0.504,41,43,V4a_blood_IgGspike,V4a_blood_IgGRBD,-1.7204544565715432
HIV,0.10593319643464429,0.504,41,43,V4a_blood_IgGspike,V4a_blood_IgGRBD,-1.596300179806341
HIV,0.11504736932015215,0.504,41,43,V4a_blood_IgGspike,V4a_blood_IgGRBD,-1.5016113888333942
HIV,0.12494569816604563,0.504,41,43,V4a_blood_IgGspike,V4a_blood_IgGRBD,-1.4097879350483289
HIV,0.1356956493873174,0.504,41,43,V4a_blood_IgGspike,V4a_blood_IgGRBD,-1.335498529788352
HIV,0.14737049400592847,0.504,41,43,V4a_blood_IgGspike,V4a_blood_IgGRBD,-1.2639709955104335
HIV,0.16004980706169375,0.504,41,43,V4a_blood_IgGspike,V4a_blood_IgGRBD,-1.1911383094741994
HIV,0.1738200099909749,0.504,41,43,V4a_blood_IgGspike,V4a_blood_IgGRBD,-1.121683813548121
HIV,0.18877495967000066,0.504,41,43,V4a_blood_IgGspike,V4a_blood_IgGRBD,-1.0534361444673948
HIV,0.20501658813769869,0.504,41,43,V4a_blood_IgGspike,V4a_blood_IgGRBD,-0.984475398505427
HIV,0.2226555973583518,0.504,41,43,V4a_blood_IgGspike,V4a_blood_IgGRBD,-0.9185008417100723
HIV,0.24181221375953857,0.504,41,43,V4a_blood_IgGspike,V4a_blood_IgGRBD,-0.8513491223019994
HIV,0.2626170076882438,0.504,41,43,V4a_blood_IgGspike,V4a_blood_IgGRBD,-0.7879553223266593
HIV,0.2852117833705023,0.504,41,43,V4a_blood_IgGspike,V4a_blood_IgGRBD,-0.7275398589124692
HIV,0.3097505454404878,0.504,41,43,V4a_blood_IgGspike,V4a_blood_IgGRBD,-0.6672192185262427
HIV,0.33640054862685154,0.504,41,43,V4a_blood_IgGspike,V4a_blood_IgGRBD,-0.6118255813881053
HIV,0.3653434377509083,0.504,41,43,V4a_blood_IgGspike,V4a_blood_IgGRBD,-0.5562634014406338
HIV,0.39677648580683,0.504,41,43,V4a_blood_IgGspike,V4a_blood_IgGRBD,-0.5070009711321418
HIV,0.4309139385625277,0.504,41,43,V4a_blood_IgGspike,V4a_blood_IgGRBD,-0.46058146062619815
HIV,0.4679884748459393,0.504,41,43,V4a_blood_IgGspike,V4a_blood_IgGRBD,-0.41754491205175337
HIV,0.5082527924699484,0.504,41,43,V4a_blood_IgGspike,V4a_blood_IgGRBD,-0.37142483324715214
HIV,0.5519813306055005,0.504,41,43,V4a_blood_IgGspike,V4a_blood_IgGRBD,-0.3264703541842912
HIV,0.5994721403425123,0.504,41,43,V4a_blood_IgGspike,V4a_blood_IgGRBD,-0.2798462086340281
HIV,0.6510489161882024,0.504,41,43,V4a_blood_IgGspike,V4a_blood_IgGRBD,-0.23286543900199158
HIV,0.7070632023494122,0.504,41,43,V4a_blood_IgGspike,V4a_blood_IgGRBD,-0.18458221576205508
HIV,0.7678967888368097,0.504,41,43,V4a_blood_IgGspike,V4a_blood_IgGRBD,-0.13358409232854246
HIV,0.8339643137226742,0.504,41,43,V4a_blood_IgGspike,V4a_blood_IgGRBD,-0.07763847077378899
HIV,0.9057160892890967,0.504,41,43,V4a_blood_IgGspike,V4a_blood_IgGRBD,-0.012953124343875633
HIV,0.9836411713294541,0.504,41,43,V4a_blood_IgGspike,V4a_blood_IgGRBD,0.0
HIV,1.068270692523324,0.504,41,43,V4a_blood_IgGspike,V4a_blood_IgGRBD,0.0
HIV,1.1601814826049361,0.504,41,43,V4a_blood_IgGspike,V4a_blood_IgGRBD,0.0
HIV,1.26,0.504,41,43,V4a_blood_IgGspike,V4a_blood_IgGRBD,0.0
HIV,0.0504,0.504,47,48,V8a_blood_IgGspike,V8a_blood_IgGRBD,-3.0299604258143287
HIV,0.05473626406914849,0.504,47,48,V8a_blood_IgGspike,V8a_blood_IgGRBD,-2.8591304556987853
HIV,0.05944560722713403,0.504,47,48,V8a_blood_IgGspike,V8a_blood_IgGRBD,-2.714347809686282
HIV,0.06456012807411292,0.504,47,48,V8a_blood_IgGspike,V8a_blood_IgGRBD,-2.5652771059475725
HIV,0.07011468687703754,0.504,47,48,V8a_blood_IgGspike,V8a_blood_IgGRBD,-2.4380697012251553
HIV,0.07614714317514262,0.504,47,48,V8a_blood_IgGspike,V8a_blood_IgGRBD,-2.314789560294642
HIV,0.08269861382829098,0.504,47,48,V8a_blood_IgGspike,V8a_blood_IgGRBD,-2.1891248104904464
HIV,0.08981375326702119,0.504,47,48,V8a_blood_IgGspike,V8a_blood_IgGRBD,-2.066377561263873
HIV,0.09754105785446471,0.504,47,48,V8a_blood_IgGspike,V8a_blood_IgGRBD,-1.9441564128553903
HIV,0.10593319643464429,0.504,47,48,V8a_blood_IgGspike,V8a_blood_IgGRBD,-1.8299824881456979
HIV,0.11504736932015215,0.504,47,48,V8a_blood_IgGspike,V8a_blood_IgGRBD,-1.7208539383060755
HIV,0.12494569816604563,0.504,47,48,V8a_blood_IgGspike,V8a_blood_IgGRBD,-1.6208824917645133
HIV,0.1356956493873174,0.504,47,48,V8a_blood_IgGspike,V8a_blood_IgGRBD,-1.5243638779579907
HIV,0.14737049400592847,0.504,47,48,V8a_blood_IgGspike,V8a_blood_IgGRBD,-1.4209340309159795
HIV,0.16004980706169375,0.504,47,48,V8a_blood_IgGspike,V8a_blood_IgGRBD,-1.3440100184455743
HIV,0.1738200099909749,0.504,47,48,V8a_blood_IgGspike,V8a_blood_IgGRBD,-1.2554956025243864
HIV,0.18877495967000066,0.504,47,48,V8a_blood_IgGspike,V8a_blood_IgGRBD,-1.1755866270503763
HIV,0.20501658813769869,0.504,47,48,V8a_blood_IgGspike,V8a_blood_IgGRBD,-1.095016235398341
HIV,0.2226555973583518,0.504,47,48,V8a_blood_IgGspike,V8a_blood_IgGRBD,-1.0194462374511315
HIV,0.24181221375953857,0.504,47,48,V8a_blood_IgGspike,V8a_blood_IgGRBD,-0.9450590134389708
HIV,0.2626170076882438,0.504,47,48,V8a_blood_IgGspike,V8a_blood_IgGRBD,-0.8708728454488525
HIV,0.2852117833705023,0.504,47,48,V8a_blood_IgGspike,V8a_blood_IgGRBD,-0.7993409300872332
HIV,0.3097505454404878,0.504,47,48,V8a_blood_IgGspike,V8a_blood_IgGRBD,-0.7413778607248852
HIV,0.33640054862685154,0.504,47,48,V8a_blood_IgGspike,V8a_blood_IgGRBD,-0.677242458730907
HIV,0.3653434377509083,0.504,47,48,V8a_blood_IgGspike,V8a_blood_IgGRBD,-0.6196388508690878
HIV,0.39677648580683,0.504,47,48,V8a_blood_IgGspike,V8a_blood_IgGRBD,-0.5634946849571932
HIV,0.4309139385625277,0.504,47,48,V8a_blood_IgGspike,V8a_blood_IgGRBD,-0.5100891616439289
HIV,0.4679884748459393,0.504,47,48,V8a_blood_IgGspike,V8a_blood_IgGRBD,-0.45820300728847596
HIV,0.5082527924699484,0.504,47,48,V8a_blood_IgGspike,V8a_blood_IgGRBD,-0.40679800079633543
HIV,0.5519813306055005,0.504,47,48,V8a_blood_IgGspike,V8a_blood_IgGRBD,-0.35706816509571143
HIV,0.5994721403425123,0.504,47,48,V8a_blood_IgGspike,V8a_blood_IgGRBD,-0.30694249435864074
HIV,0.6510489161882024,0.504,47,48,V8a_blood_IgGspike,V8a_blood_IgGRBD,-0.2533345521295369
HIV,0.7070632023494122,0.504,47,48,V8a_blood_IgGspike,V8a_blood_IgGRBD,-0.19617552782818806
HIV,0.7678967888368097,0.504,47,48,V8a_blood_IgGspike,V8a_blood_IgGRBD,-0.13340250590251077
HIV,0.8339643137226742,0.504,47,48,V8a_blood_IgGspike,V8a_blood_IgGRBD,-0.06531816126760383
HIV,0.9057160892890967,0.504,47,48,V8a_blood_IgGspike,V8a_blood_IgGRBD,-0.0
HIV,0.9836411713294541,0.504,47,48,V8a_blood_IgGspike,V8a_blood_IgGRBD,0.0
HIV,1.068270692523324,0.504,47,48,V8a_blood_IgGspike,V8a_blood_IgGRBD,0.0
HIV,1.1601814826049361,0.504,47,48,V8a_blood_IgGspike,V8a_blood_IgGRBD,0.0
HIV,1.26,0.504,47,48,V8a_blood_IgGspike,V8a_blood_IgGRBD,0.0
HIV,0.0504,0.504,7,8,V8_IFNg,V8Dual,-3.0172510758832622
HIV,0.05473626406914849,0.504,7,8,V8_IFNg,V8Dual,-2.845448315990041
HIV,0.05944560722713403,0.504,7,8,V8_IFNg,V8Dual,-2.6812644828792496
HIV,0.06456012807411292,0.504,7,8,V8_IFNg,V8Dual,-2.516775052707703
HIV,0.07011468687703754,0.504,7,8,V8_IFNg,V8Dual,-2.371478360814831
HIV,0.07614714317514262,0.504,7,8,V8_IFNg,V8Dual,-2.2238341020116876
HIV,0.08269861382829098,0.504,7,8,V8_IFNg,V8Dual,-2.083107504907911
HIV,0.08981375326702119,0.504,7,8,V8_IFNg,V8Dual,-1.944572186182445
HIV,0.09754105785446471,0.504,7,8,V8_IFNg,V8Dual,-1.8139564310308158
HIV,0.10593319643464429,0.504,7,8,V8_IFNg,V8Dual,-1.6835046612074682
HIV,0.11504736932015215,0.504,7,8,V8_IFNg,V8Dual,-1.572508279471319
HIV,0.12494569816604563,0.504,7,8,V8_IFNg,V8Dual,-1.4465689822008803
HIV,0.1356956493873174,0.504,7,8,V8_IFNg,V8Dual,-1.350921771590162
HIV,0.14737049400592847,0.504,7,8,V8_IFNg,V8Dual,-1.251575059232696
HIV,0.16004980706169375,0.504,7,8,V8_IFNg,V8Dual,-1.153268919471401
HIV,0.1738200099909749,0.504,7,8,V8_IFNg,V8Dual,-1.067504725503645
HIV,0.18877495967000066,0.504,7,8,V8_IFNg,V8Dual,-0.9828079663514218
HIV,0.20501658813769869,0.504,7,8,V8_IFNg,V8Dual,-0.8961301400183178
HIV,0.2226555973583518,0.504,7,8,V8_IFNg,V8Dual,-0.8350393686198141
HIV,0.24181221375953857,0.504,7,8,V8_IFNg,V8Dual,-0.7678027887126921
HIV,0.2626170076882438,0.504,7,8,V8_IFNg,V8Dual,-0.6997860458939026
HIV,0.2852117833705023,0.504,7,8,V8_IFNg,V8Dual,-0.6394284967822171
HIV,0.3097505454404878,0.504,7,8,V8_IFNg,V8Dual,-0.5829922831181963
HIV,0.33640054862685154,0.504,7,8,V8_IFNg,V8Dual,-0.5309127646425118
HIV,0.3653434377509083,0.504,7,8,V8_IFNg,V8Dual,-0.4824992315469271
HIV,0.39677648580683,0.504,7,8,V8_IFNg,V8Dual,-0.4330840212541246
HIV,0.4309139385625277,0.504,7,8,V8_IFNg,V8Dual,-0.39540130390186556
HIV,0.4679884748459393,0.504,7,8,V8_IFNg,V8Dual,-0.35708624539472755
HIV,0.5082527924699484,0.504,7,8,V8_IFNg,V8Dual,-0.3210354637551363
HIV,0.5519813306055005,0.504,7,8,V8_IFNg,V8Dual,-0.28663811742429135
HIV,0.5994721403425123,0.504,7,8,V8_IFNg,V8Dual,-0.25354471864430705
HIV,0.6510489161882024,0.504,7,8,V8_IFNg,V8Dual,-0.22084728033947973
HIV,0.7070632023494122,0.504,7,8,V8_IFNg,V8Dual,-0.18503075308879574
HIV,0.7678967888368097,0.504,7,8,V8_IFNg,V8Dual,-0.14628253621701257
HIV,0.8339643137226742,0.504,7,8,V8_IFNg,V8Dual,-0.10111191036052877
HIV,0.9057160892890967,0.504,7,8,V8_IFNg,V8Dual,-0.040743060912991645
HIV,0.9836411713294541,0.504,7,8,V8_IFNg,V8Dual,0.0
HIV,1.068270692523324,0.504,7,8,V8_IFNg,V8Dual,0.0
HIV,1.1601814826049361,0.504,7,8,V8_IFNg,V8Dual,0.0
HIV,1.26,0.504,7,8,V8_IFNg,V8Dual,0.0
HIV,0.0504,0.504,10,8,V9Dual,V8Dual,-2.8374603480838303
HIV,0.05473626406914849,0.504,10,8,V9Dual,V8Dual,-2.6734579790536244
HIV,0.05944560722713403,0.504,10,8,V9Dual,V8Dual,-2.514390545965587
HIV,0.06456012807411292,0.504,10,8,V9Dual,V8Dual,-2.3555842835877328
HIV,0.07011468687703754,0.504,10,8,V9Dual,V8Dual,-2.2173785169205176
HIV,0.07614714317514262,0.504,10,8,V9Dual,V8Dual,-2.073149857311723
HIV,0.08269861382829098,0.504,10,8,V9Dual,V8Dual,-1.9445039225875878
HIV,0.08981375326702119,0.504,10,8,V9Dual,V8Dual,-1.8156897954586828
HIV,0.09754105785446471,0.504,10,8,V9Dual,V8Dual,-1.6921793680595838
HIV,0.10593319643464429,0.504,10,8,V9Dual,V8Dual,-1.5668454348316163
HIV,0.11504736932015215,0.504,10,8,V9Dual,V8Dual,-1.4692106258891593
HIV,0.12494569816604563,0.504,10,8,V9Dual,V8Dual,-1.3481024383216265
HIV,0.1356956493873174,0.504,10,8,V9Dual,V8Dual,-1.2651131795480584
HIV,0.14737049400592847,0.504,10,8,V9Dual,V8Dual,-1.1640819150350343
HIV,0.16004980706169375,0.504,10,8,V9Dual,V8Dual,-1.0840292916187675
HIV,0.1738200099909749,0.504,10,8,V9Dual,V8Dual,-0.9982623917753956
HIV,0.18877495967000066,0.504,10,8,V9Dual,V8Dual,-0.9249238166300897
HIV,0.20501658813769869,0.504,10,8,V9Dual,V8Dual,-0.8447009802734575
HIV,0.2226555973583518,0.504,10,8,V9Dual,V8Dual,-0.782494054804578
HIV,0.24181221375953857,0.504,10,8,V9Dual,V8Dual,-0.7229000479373822
HIV,0.2626170076882438,0.504,10,8,V9Dual,V8Dual,-0.662600894116307
HIV,0.2852117833705023,0.504,10,8,V9Dual,V8Dual,-0.6125366928925805
HIV,0.3097505454404878,0.504,10,8,V9Dual,V8Dual,-0.5610512880681187
HIV,0.33640054862685154,0.504,10,8,V9Dual,V8Dual,-0.5103429044866129
HIV,0.3653434377509083,0.504,10,8,V9Dual,V8Dual,-0.46568294437883184
HIV,0.39677648580683,0.504,10,8,V9Dual,V8Dual,-0.4221295694609446
HIV,0.4309139385625277,0.504,10,8,V9Dual,V8Dual,-0.3829024204809649
HIV,0.4679884748459393,0.504,10,8,V9Dual,V8Dual,-0.34751631906887037
HIV,0.5082527924699484,0.504,10,8,V9Dual,V8Dual,-0.3125283807159185
HIV,0.5519813306055005,0.504,10,8,V9Dual,V8Dual,-0.27903255806541083
HIV,0.5994721403425123,0.504,10,8,V9Dual,V8Dual,-0.24646130694275403
HIV,0.6510489161882024,0.504,10,8,V9Dual,V8Dual,-0.21391304997784416
HIV,0.7070632023494122,0.504,10,8,V9Dual,V8Dual,-0.17952476063137698
HIV,0.7678967888368097,0.504,10,8,V9Dual,V8Dual,-0.14221662172995095
HIV,0.8339643137226742,0.504,10,8,V9Dual,V8Dual,-0.09853590316790015
HIV,0.9057160892890967,0.504,10,8,V9Dual,V8Dual,-0.039378153044069795
HIV,0.9836411713294541,0.504,10,8,V9Dual,V8Dual,0.0
HIV,1.068270692523324,0.504,10,8,V9Dual,V8Dual,0.0
HIV,1.1601814826049361,0.504,10,8,V9Dual,V8Dual,0.0
HIV,1.26,0.504,10,8,V9Dual,V8Dual,0.0
HIV,0.0504,0.504,9,10,V9_IFNg,V9Dual,-2.6912563462290717
HIV,0.05473626406914849,0.504,9,10,V9_IFNg,V9Dual,-2.5508992344580905
HIV,0.05944560722713403,0.504,9,10,V9_IFNg,V9Dual,-2.417080044422511
HIV,0.06456012807411292,0.504,9,10,V9_IFNg,V9Dual,-2.2915418251627906
HIV,0.07011468687703754,0.504,9,10,V9_IFNg,V9Dual,-2.151166154849427
HIV,0.07614714317514262,0.504,9,10,V9_IFNg,V9Dual,-2.03421845851626
HIV,0.08269861382829098,0.504,9,10,V9_IFNg,V9Dual,-1.9057954675986915
HIV,0.08981375326702119,0.504,9,10,V9_IFNg,V9Dual,-1.7829274324337658
HIV,0.09754105785446471,0.504,9,10,V9_IFNg,V9Dual,-1.6659690119393329
HIV,0.10593319643464429,0.504,9,10,V9_IFNg,V9Dual,-1.5529763931521594
HIV,0.11504736932015215,0.504,9,10,V9_IFNg,V9Dual,-1.4483949479870224
HIV,0.12494569816604563,0.504,9,10,V9_IFNg,V9Dual,-1.3401943743104172
HIV,0.1356956493873174,0.504,9,10,V9_IFNg,V9Dual,-1.2401996283513115
HIV,0.14737049400592847,0.504,9,10,V9_IFNg,V9Dual,-1.156907749203192
HIV,0.16004980706169375,0.504,9,10,V9_IFNg,V9Dual,-1.062615531612864
HIV,0.1738200099909749,0.504,9,10,V9_IFNg,V9Dual,-0.9803333831772928
HIV,0.18877495967000066,0.504,9,10,V9_IFNg,V9Dual,-0.9050533350386688
HIV,0.20501658813769869,0.504,9,10,V9_IFNg,V9Dual,-0.8346977391294228
HIV,0.2226555973583518,0.504,9,10,V9_IFNg,V9Dual,-0.7656711810426956
HIV,0.24181221375953857,0.504,9,10,V9_IFNg,V9Dual,-0.6969927858943563
HIV,0.2626170076882438,0.504,9,10,V9_IFNg,V9Dual,-0.6369102288705534
HIV,0.2852117833705023,0.504,9,10,V9_IFNg,V9Dual,-0.5786952085739828
HIV,0.3097505454404878,0.504,9,10,V9_IFNg,V9Dual,-0.5277669315988703
HIV,0.33640054862685154,0.504,9,10,V9_IFNg,V9Dual,-0.4828946789236096
HIV,0.3653434377509083,0.504,9,10,V9_IFNg,V9Dual,-0.4380114714635839
HIV,0.39677648580683,0.504,9,10,V9_IFNg,V9Dual,-0.395568474535431
HIV,0.4309139385625277,0.504,9,10,V9_IFNg,V9Dual,-0.3601826855393923
HIV,0.4679884748459393,0.504,9,10,V9_IFNg,V9Dual,-0.32653822598126564
HIV,0.5082527924699484,0.504,9,10,V9_IFNg,V9Dual,-0.29358256171226604
HIV,0.5519813306055005,0.504,9,10,V9_IFNg,V9Dual,-0.2631356270049339
HIV,0.5994721403425123,0.504,9,10,V9_IFNg,V9Dual,-0.2339302818660633
HIV,0.6510489161882024,0.504,9,10,V9_IFNg,V9Dual,-0.2049584496107987
HIV,0.7070632023494122,0.504,9,10,V9_IFNg,V9Dual,-0.1747548962891575
HIV,0.7678967888368097,0.504,9,10,V9_IFNg,V9Dual,-0.13788355942460137
HIV,0.8339643137226742,0.504,9,10,V9_IFNg,V9Dual,-0.08970145358936682
HIV,0.9057160892890967,0.504,9,10,V9_IFNg,V9Dual,-0.02780974163890968
HIV,0.9836411713294541,0.504,9,10,V9_IFNg,V9Dual,0.0
HIV,1.068270692523324,0.504,9,10,V9_IFNg,V9Dual,0.0
HIV,1.1601814826049361,0.504,9,10,V9_IFNg,V9Dual,0.0
HIV,1.26,0.504,9,10,V9_IFNg,V9Dual,0.0
HIV,0.0504,0.504,17,16,V9_blood_IgGRBD,V9_ACE2,-2.687177468935501
HIV,0.05473626406914849,0.504,17,16,V9_blood_IgGRBD,V9_ACE2,-2.569576609880854
HIV,0.05944560722713403,0.504,17,16,V9_blood_IgGRBD,V9_ACE2,-2.4527971813618854
HIV,0.06456012807411292,0.504,17,16,V9_blood_IgGRBD,V9_ACE2,-2.3328372251956666
HIV,0.07011468687703754,0.504,17,16,V9_blood_IgGRBD,V9_ACE2,-2.21393863789181
HIV,0.07614714317514262,0.504,17,16,V9_blood_IgGRBD,V9_ACE2,-2.10386761928988
HIV,0.08269861382829098,0.504,17,16,V9_blood_IgGRBD,V9_ACE2,-2.0049955754684707
HIV,0.08981375326702119,0.504,17,16,V9_blood_IgGRBD,V9_ACE2,-1.8797218831169447
HIV,0.09754105785446471,0.504,17,16,V9_blood_IgGRBD,V9_ACE2,-1.7692051672971825
HIV,0.10593319643464429,0.504,17,16,V9_blood_IgGRBD,V9_ACE2,-1.6601116247255656
HIV,0.11504736932015215,0.504,17,16,V9_blood_IgGRBD,V9_ACE2,-1.5511082322274445
HIV,0.12494569816604563,0.504,17,16,V9_blood_IgGRBD,V9_ACE2,-1.4547847304521258
HIV,0.1356956493873174,0.504,17,16,V9_blood_IgGRBD,V9_ACE2,-1.355721327106302
HIV,0.14737049400592847,0.504,17,16,V9_blood_IgGRBD,V9_ACE2,-1.2657148399187175
HIV,0.16004980706169375,0.504,17,16,V9_blood_IgGRBD,V9_ACE2,-1.178030584786616
HIV,0.1738200099909749,0.504,17,16,V9_blood_IgGRBD,V9_ACE2,-1.0950451524227043
HIV,0.18877495967000066,0.504,17,16,V9_blood_IgGRBD,V9_ACE2,-1.0149612799085388
HIV,0.20501658813769869,0.504,17,16,V9_blood_IgGRBD,V9_ACE2,-0.9383611437279562
HIV,0.2226555973583518,0.504,17,16,V9_blood_IgGRBD,V9_ACE2,-0.8680152171422572
HIV,0.24181221375953857,0.504,17,16,V9_blood_IgGRBD,V9_ACE2,-0.7987972677414377
HIV,0.2626170076882438,0.504,17,16,V9_blood_IgGRBD,V9_ACE2,-0.7360830838736744
HIV,0.2852117833705023,0.504,17,16,V9_blood_IgGRBD,V9_ACE2,-0.6709861655737391
HIV,0.3097505454404878,0.504,17,16,V9_blood_IgGRBD,V9_ACE2,-0.6232412573249355
HIV,0.33640054862685154,0.504,17,16,V9_blood_IgGRBD,V9_ACE2,-0.5682551675227493
HIV,0.3653434377509083,0.504,17,16,V9_blood_IgGRBD,V9_ACE2,-0.5194480265942637
HIV,0.39677648580683,0.504,17,16,V9_blood_IgGRBD,V9_ACE2,-0.47184944752428065
HIV,0.4309139385625277,0.504,17,16,V9_blood_IgGRBD,V9_ACE2,-0.43147488467274114
HIV,0.4679884748459393,0.504,17,16,V9_blood_IgGRBD,V9_ACE2,-0.38693554438304767
HIV,0.5082527924699484,0.504,17,16,V9_blood_IgGRBD,V9_ACE2,-0.34991432681486473
HIV,0.5519813306055005,0.504,17,16,V9_blood_IgGRBD,V9_ACE2,-0.3123445475808465
HIV,0.5994721403425123,0.504,17,16,V9_blood_IgGRBD,V9_ACE2,-0.2758774356773775
HIV,0.6510489161882024,0.504,17,16,V9_blood_IgGRBD,V9_ACE2,-0.23925523852115005
HIV,0.7070632023494122,0.504,17,16,V9_blood_IgGRBD,V9_ACE2,-0.20049398564546994
HIV,0.7678967888368097,0.504,17,16,V9_blood_IgGRBD,V9_ACE2,-0.15503825945383093
HIV,0.8339643137226742,0.504,17,16,V9_blood_IgGRBD,V9_ACE2,-0.09971880924526279
HIV,0.9057160892890967,0.504,17,16,V9_blood_IgGRBD,V9_ACE2,-0.03427448534828821
HIV,0.9836411713294541,0.504,17,16,V9_blood_IgGRBD,V9_ACE2,0.0
HIV,1.068270692523324,0.504,17,16,V9_blood_IgGRBD,V9_ACE2,0.0
HIV,1.1601814826049361,0.504,17,16,V9_blood_IgGRBD,V9_ACE2,0.0
HIV,1.26,0.504,17,16,V9_blood_IgGRBD,V9_ACE2,0.0
HIV,0.0504,0.504,19,20,V9_Saliva_IgAspike,V9_Saliva_IgARBD,-2.556988769523722
HIV,0.05473626406914849,0.504,19,20,V9_Saliva_IgAspike,V9_Saliva_IgARBD,-2.4460531343917773
HIV,0.05944560722713403,0.504,19,20,V9_Saliva_IgAspike,V9_Saliva_IgARBD,-2.3390342899021483
HIV,0.06456012807411292,0.504,19,20,V9_Saliva_IgAspike,V9_Saliva_IgARBD,-2.2340990791120086
HIV,0.07011468687703754,0.504,19,20,V9_Saliva_IgAspike,V9_Saliva_IgARBD,-2.133279368744529
HIV,0.07614714317514262,0.504,19,20,V9_Saliva_IgAspike,V9_Saliva_IgARBD,-2.034568233781892
HIV,0.08269861382829098,0.504,19,20,V9_Saliva_IgAspike,V9_Saliva_IgARBD,-1.9381625381140422
HIV,0.08981375326702119,0.504,19,20,V9_Saliva_IgAspike,V9_Saliva_IgARBD,-1.848049097256671
HIV,0.09754105785446471,0.504,19,20,V9_Saliva_IgAspike,V9_Saliva_IgARBD,-1.7595649730501646
HIV,0.10593319643464429,0.504,19,20,V9_Saliva_IgAspike,V9_Saliva_IgARBD,-1.6726911897769363
HIV,0.11504736932015215,0.504,19,20,V9_Saliva_IgAspike,V9_Saliva_IgARBD,-1.5869726202329766
HIV,0.12494569816604563,0.504,19,20,V9_Saliva_IgAspike,V9_Saliva_IgARBD,-1.505748416448648
HIV,0.1356956493873174,0.504,19,20,V9_Saliva_IgAspike,V9_Saliva_IgARBD,-1.4223039526424328
HIV,0.14737049400592847,0.504,19,20,V9_Saliva_IgAspike,V9_Saliva_IgARBD,-1.3458982443805254
HIV,0.16004980706169375,0.504,19,20,V9_Saliva_IgAspike,V9_Saliva_IgARBD,-1.2730493732310386
HIV,0.1738200099909749,0.504,19,20,V9_Saliva_IgAspike,V9_Saliva_IgARBD,-1.198045717803621
HIV,0.18877495967000066,0.504,19,20,V9_Saliva_IgAspike,V9_Saliva_IgARBD,-1.126161630735923
HIV,0.20501658813769869,0.504,19,20,V9_Saliva_IgAspike,V9_Saliva_IgARBD,-1.0553714388755717
HIV,0.2226555973583518,0.504,19,20,V9_Saliva_IgAspike,V9_Saliva_IgARBD,-0.9838793768496361
HIV,0.24181221375953857,0.504,19,20,V9_Saliva_IgAspike,V9_Saliva_IgARBD,-0.920056631849767
HIV,0.2626170076882438,0.504,19,20,V9_Saliva_IgAspike,V9_Saliva_IgARBD,-0.8549240400842667
HIV,0.2852117833705023,0.504,19,20,V9_Saliva_IgAspike,V9_Saliva_IgARBD,-0.7921583438116616
HIV,0.3097505454404878,0.504,19,20,V9_Saliva_IgAspike,V9_Saliva_IgARBD,-0.7322588389916301
HIV,0.33640054862685154,0.504,19,20,V9_Saliva_IgAspike,V9_Saliva_IgARBD,-0.6723661268497176
HIV,0.3653434377509083,0.504,19,20,V9_Saliva_IgAspike,V9_Saliva_IgARBD,-0.617413325389308
HIV,0.39677648580683,0.504,19,20,V9_Saliva_IgAspike,V9_Saliva_IgARBD,-0.5636684360391612
HIV,0.4309139385625277,0.504,19,20,V9_Saliva_IgAspike,V9_Saliva_IgARBD,-0.5110039505544612
HIV,0.4679884748459393,0.504,19,20,V9_Saliva_IgAspike,V9_Saliva_IgARBD,-0.4583754169429367
HIV,0.5082527924699484,0.504,19,20,V9_Saliva_IgAspike,V9_Saliva_IgARBD,-0.4075650799875948
HIV,0.5519813306055005,0.504,19,20,V9_Saliva_IgAspike,V9_Saliva_IgARBD,-0.3520953208595534
HIV,0.5994721403425123,0.504,19,20,V9_Saliva_IgAspike,V9_Saliva_IgARBD,-0.2918828919301665
HIV,0.6510489161882024,0.504,19,20,V9_Saliva_IgAspike,V9_Saliva_IgARBD,-0.2299764689325997
HIV,0.7070632023494122,0.504,19,20,V9_Saliva_IgAspike,V9_Saliva_IgARBD,-0.16738088560134742
HIV,0.7678967888368097,0.504,19,20,V9_Saliva_IgAspike,V9_Saliva_IgARBD,-0.10317924230587219
HIV,0.8339643137226742,0.504,19,20,V9_Saliva_IgAspike,V9_Saliva_IgARBD,-0.03608291636718791
HIV,0.9057160892890967,0.504,19,20,V9_Saliva_IgAspike,V9_Saliva_IgARBD,-0.0
HIV,0.9836411713294541,0.504,19,20,V9_Saliva_IgAspike,V9_Saliva_IgARBD,0.0
HIV,1.068270692523324,0.504,19,20,V9_Saliva_IgAspike,V9_Saliva_IgARBD,0.0
HIV,1.1601814826049361,0.504,19,20,V9_Saliva_IgAspike,V9_Saliva_IgARBD,0.0
HIV,1.26,0.504,19,20,V9_Saliva_IgAspike,V9_Saliva_IgARBD,0.0
