dataset,method,fraction,separability_auc
HIV,Bootstrap,0.25,0.7999999999999999
HIV,Bootstrap,0.25,0.8
HIV,Bootstrap,0.25,0.85
HIV,Bootstrap,0.25,0.75
HIV,Bootstrap,0.25,0.6166666666666667
HIV,Column-wise,0.25,0.7333333333333334
HIV,Column-wise,0.25,0.8
HIV,Column-wise,0.25,1.0
HIV,Column-wise,0.25,0.65
HIV,Column-wise,0.25,0.8166666666666667
HIV,GMM,0.25,1.0
HIV,GMM,0.25,0.7666666666666666
HIV,GMM,0.25,0.8333333333333334
HIV,GMM,0.25,1.0
HIV,GMM,0.25,0.6
HIV,SMOTE,0.25,0.5
HIV,SMOTE,0.25,0.7333333333333334
HIV,SMOTE,0.25,0.6333333333333333
HIV,SMOTE,0.25,0.6666666666666667
HIV,SMOTE,0.25,0.65
HIV,GMM-guided SMOTE,0.25,0.5333333333333333
HIV,GMM-guided SMOTE,0.25,0.55
HIV,GMM-guided SMOTE,0.25,0.8333333333333334
HIV,GMM-guided SMOTE,0.25,0.7333333333333334
HIV,GMM-guided SMOTE,0.25,0.9333333333333333
HIV,CVAE,0.25,1.0
HIV,CVAE,0.25,1.0
HIV,CVAE,0.25,1.0
HIV,CVAE,0.25,1.0
HIV,CVAE,0.25,1.0
HIV,Bootstrap,0.5,0.8181818181818181
HIV,Bootstrap,0.5,0.7651515151515151
HIV,Bootstrap,0.5,0.7727272727272727
HIV,Bootstrap,0.5,0.821969696969697
HIV,Bootstrap,0.5,0.6628787878787878
HIV,Column-wise,0.5,0.5075757575757576
HIV,Column-wise,0.5,0.7462121212121212
HIV,Column-wise,0.5,0.5946969696969697
HIV,Column-wise,0.5,0.6022727272727273
HIV,Column-wise,0.5,0.6401515151515151
HIV,GMM,0.5,1.0
HIV,GMM,0.5,1.0
HIV,GMM,0.5,1.0
HIV,GMM,0.5,1.0
HIV,GMM,0.5,1.0
HIV,SMOTE,0.5,0.75
HIV,SMOTE,0.5,0.6287878787878788
HIV,SMOTE,0.5,0.8636363636363636
HIV,SMOTE,0.5,0.6931818181818181
HIV,SMOTE,0.5,0.7954545454545454
HIV,GMM-guided SMOTE,0.5,0.5227272727272727
HIV,GMM-guided SMOTE,0.5,0.5606060606060606
HIV,GMM-guided SMOTE,0.5,0.6515151515151515
HIV,GMM-guided SMOTE,0.5,0.5984848484848485
HIV,GMM-guided SMOTE,0.5,0.8106060606060606
HIV,CVAE,0.5,0.9924242424242424
HIV,CVAE,0.5,1.0
HIV,CVAE,0.5,0.9848484848484849
HIV,CVAE,0.5,1.0
HIV,CVAE,0.5,1.0
HIV,Bootstrap,0.75,0.5847750865051904
HIV,Bootstrap,0.75,0.6955017301038062
HIV,Bootstrap,0.75,0.5190311418685121
HIV,Bootstrap,0.75,0.5432525951557093
HIV,Bootstrap,0.75,0.6401384083044983
HIV,Column-wise,0.75,0.7006920415224913
HIV,Column-wise,0.75,0.8546712802768166
HIV,Column-wise,0.75,0.8719723183391003
HIV,Column-wise,0.75,0.8927335640138409
HIV,Column-wise,0.75,0.8373702422145328
HIV,GMM,0.75,1.0
HIV,GMM,0.75,1.0
HIV,GMM,0.75,1.0
HIV,GMM,0.75,1.0
HIV,GMM,0.75,1.0
HIV,SMOTE,0.75,0.5294117647058824
HIV,SMOTE,0.75,0.5432525951557093
HIV,SMOTE,0.75,0.527681660899654
HIV,SMOTE,0.75,0.6401384083044983
HIV,SMOTE,0.75,0.527681660899654
HIV,GMM-guided SMOTE,0.75,0.5830449826989619
HIV,GMM-guided SMOTE,0.75,0.6089965397923875
HIV,GMM-guided SMOTE,0.75,0.6055363321799307
HIV,GMM-guided SMOTE,0.75,0.657439446366782
HIV,GMM-guided SMOTE,0.75,0.5934256055363322
HIV,CVAE,0.75,1.0
HIV,CVAE,0.75,1.0
HIV,CVAE,0.75,1.0
HIV,CVAE,0.75,1.0
HIV,CVAE,0.75,1.0
HIV,Bootstrap,1.0,0.6899810964083176
HIV,Bootstrap,1.0,0.7646502835538752
HIV,Bootstrap,1.0,0.8034026465028355
HIV,Bootstrap,1.0,0.7476370510396976
HIV,Bootstrap,1.0,0.6531190926275992
HIV,Column-wise,1.0,0.948015122873346
HIV,Column-wise,1.0,0.8676748582230623
HIV,Column-wise,1.0,0.9338374291115312
HIV,Column-wise,1.0,0.9007561436672967
HIV,Column-wise,1.0,0.8988657844990549
HIV,GMM,1.0,1.0
HIV,GMM,1.0,1.0
HIV,GMM,1.0,1.0
HIV,GMM,1.0,1.0
HIV,GMM,1.0,1.0
HIV,SMOTE,1.0,0.5453686200378072
HIV,SMOTE,1.0,0.6455576559546313
HIV,SMOTE,1.0,0.503780718336484
HIV,SMOTE,1.0,0.5264650283553874
HIV,SMOTE,1.0,0.6361058601134215
HIV,GMM-guided SMOTE,1.0,0.5160680529300568
HIV,GMM-guided SMOTE,1.0,0.5718336483931947
HIV,GMM-guided SMOTE,1.0,0.5236294896030246
HIV,GMM-guided SMOTE,1.0,0.5415879017013232
HIV,GMM-guided SMOTE,1.0,0.6521739130434783
HIV,CVAE,1.0,1.0
HIV,CVAE,1.0,1.0
HIV,CVAE,1.0,1.0
HIV,CVAE,1.0,1.0
HIV,CVAE,1.0,1.0
Breast Cancer,Bootstrap,0.25,0.711111111111111
Breast Cancer,Bootstrap,0.25,0.6404761904761904
Breast Cancer,Bootstrap,0.25,0.6742063492063493
Breast Cancer,Bootstrap,0.25,0.6206349206349207
Breast Cancer,Bootstrap,0.25,0.7095238095238096
Breast Cancer,Column-wise,0.25,0.9384920634920635
Breast Cancer,Column-wise,0.25,0.8535714285714286
Breast Cancer,Column-wise,0.25,0.8154761904761905
Breast Cancer,Column-wise,0.25,0.8722222222222222
Breast Cancer,Column-wise,0.25,0.9230158730158731
Breast Cancer,GMM,0.25,0.986111111111111
Breast Cancer,GMM,0.25,0.9904761904761905
Breast Cancer,GMM,0.25,0.9896825396825397
Breast Cancer,GMM,0.25,0.9968253968253968
Breast Cancer,GMM,0.25,0.9920634920634921
Breast Cancer,SMOTE,0.25,0.5630952380952381
Breast Cancer,SMOTE,0.25,0.5472222222222223
Breast Cancer,SMOTE,0.25,0.5015873015873016
Breast Cancer,SMOTE,0.25,0.5099206349206349
Breast Cancer,SMOTE,0.25,0.5083333333333333
Breast Cancer,GMM-guided SMOTE,0.25,0.7007936507936507
Breast Cancer,GMM-guided SMOTE,0.25,0.5535714285714285
Breast Cancer,GMM-guided SMOTE,0.25,0.6428571428571429
Breast Cancer,GMM-guided SMOTE,0.25,0.678968253968254
Breast Cancer,GMM-guided SMOTE,0.25,0.7095238095238094
Breast Cancer,CVAE,0.25,0.9242063492063491
Breast Cancer,CVAE,0.25,0.9369047619047619
Breast Cancer,CVAE,0.25,0.8206349206349206
Breast Cancer,CVAE,0.25,0.8130952380952381
Breast Cancer,CVAE,0.25,0.8884920634920636
Breast Cancer,Bootstrap,0.5,0.7647292203927792
Breast Cancer,Bootstrap,0.5,0.7379488196786352
Breast Cancer,Bootstrap,0.5,0.7175163658004364
Breast Cancer,Bootstrap,0.5,0.707002578853402
Breast Cancer,Bootstrap,0.5,0.6566157508430868
Breast Cancer,Column-wise,0.5,0.9952390398730411
Breast Cancer,Column-wise,0.5,0.9985121999603254
Breast Cancer,Column-wise,0.5,0.988295973021226
Breast Cancer,Column-wise,0.5,0.9957349732195993
Breast Cancer,Column-wise,0.5,0.9970243999206507
Breast Cancer,GMM,0.5,0.9803610394762944
Breast Cancer,GMM,0.5,0.9812537195000992
Breast Cancer,GMM,0.5,0.9824439595318389
Breast Cancer,GMM,0.5,0.9870065463201746
Breast Cancer,GMM,0.5,0.9878000396746678
Breast Cancer,SMOTE,0.5,0.6585002975600079
Breast Cancer,SMOTE,0.5,0.558024201547312
Breast Cancer,SMOTE,0.5,0.5684388018250347
Breast Cancer,SMOTE,0.5,0.5407657210870859
Breast Cancer,SMOTE,0.5,0.6357865502876414
Breast Cancer,GMM-guided SMOTE,0.5,0.6184288831581035
Breast Cancer,GMM-guided SMOTE,0.5,0.6735766712953779
Breast Cancer,GMM-guided SMOTE,0.5,0.6713945645705217
Breast Cancer,GMM-guided SMOTE,0.5,0.607121602856576
Breast Cancer,GMM-guided SMOTE,0.5,0.5963102559016068
Breast Cancer,CVAE,0.5,0.7519341400515771
Breast Cancer,CVAE,0.5,0.8276135687363618
Breast Cancer,CVAE,0.5,0.8834556635588177
Breast Cancer,CVAE,0.5,0.8995239039873041
Breast Cancer,CVAE,0.5,0.8865304503074787
Breast Cancer,Bootstrap,0.75,0.6797302063128197
Breast Cancer,Bootstrap,0.75,0.6699876564979721
Breast Cancer,Bootstrap,0.75,0.7108975489331688
Breast Cancer,Bootstrap,0.75,0.6718391818021513
Breast Cancer,Bootstrap,0.75,0.6853729500969847
Breast Cancer,Column-wise,0.75,1.0
Breast Cancer,Column-wise,0.75,0.9979280550167519
Breast Cancer,Column-wise,0.75,0.9992946570269793
Breast Cancer,Column-wise,0.75,0.9998236642567448
Breast Cancer,Column-wise,0.75,0.9980162228883794
Breast Cancer,GMM,0.75,0.9927702345265386
Breast Cancer,GMM,0.75,0.9898166108270146
Breast Cancer,GMM,0.75,0.9972227120437313
Breast Cancer,GMM,0.75,0.9949303473814143
Breast Cancer,GMM,0.75,0.9977517192734968
Breast Cancer,SMOTE,0.75,0.5142831952036677
Breast Cancer,SMOTE,0.75,0.5563833539058367
Breast Cancer,SMOTE,0.75,0.5069652618585787
Breast Cancer,SMOTE,0.75,0.520499030153412
Breast Cancer,SMOTE,0.75,0.5453182860165755
Breast Cancer,GMM-guided SMOTE,0.75,0.5277287956268735
Breast Cancer,GMM-guided SMOTE,0.75,0.510051137365544
Breast Cancer,GMM-guided SMOTE,0.75,0.5009257626520897
Breast Cancer,GMM-guided SMOTE,0.75,0.5235849056603774
Breast Cancer,GMM-guided SMOTE,0.75,0.5262299418092048
Breast Cancer,CVAE,0.75,0.7679862458120262
Breast Cancer,CVAE,0.75,0.8238405924880974
Breast Cancer,CVAE,0.75,0.8144066302239463
Breast Cancer,CVAE,0.75,0.7968171398342445
Breast Cancer,CVAE,0.75,0.7970816434491272
Breast Cancer,Bootstrap,1.0,0.7242440657933615
Breast Cancer,Bootstrap,1.0,0.7331576873830394
Breast Cancer,Bootstrap,1.0,0.7197872549985226
Breast Cancer,Bootstrap,1.0,0.7164384910863784
Breast Cancer,Bootstrap,1.0,0.7026494632128435
Breast Cancer,Column-wise,1.0,0.9998030138875209
Breast Cancer,Column-wise,1.0,1.0
Breast Cancer,Column-wise,1.0,0.9993844183985029
Breast Cancer,Column-wise,1.0,1.0
Breast Cancer,Column-wise,1.0,1.0
Breast Cancer,GMM,1.0,0.9923914114054959
Breast Cancer,GMM,1.0,0.9924406579336157
Breast Cancer,GMM,1.0,0.9814094356347878
Breast Cancer,GMM,1.0,0.9975622968580715
Breast Cancer,GMM,1.0,0.9919974391805378
Breast Cancer,SMOTE,1.0,0.5098246823598936
Breast Cancer,SMOTE,1.0,0.5373042450507239
Breast Cancer,SMOTE,1.0,0.5872894710922879
Breast Cancer,SMOTE,1.0,0.5606717226435536
Breast Cancer,SMOTE,1.0,0.5361715749039693
Breast Cancer,GMM-guided SMOTE,1.0,0.5535063528021275
Breast Cancer,GMM-guided SMOTE,1.0,0.5097015660395943
Breast Cancer,GMM-guided SMOTE,1.0,0.5433861912735152
Breast Cancer,GMM-guided SMOTE,1.0,0.5206835418103024
Breast Cancer,GMM-guided SMOTE,1.0,0.6027528809218949
Breast Cancer,CVAE,1.0,0.8630454052989264
Breast Cancer,CVAE,1.0,0.8023736826553728
Breast Cancer,CVAE,1.0,0.8664926622673101
Breast Cancer,CVAE,1.0,0.8514478479267211
Breast Cancer,CVAE,1.0,0.8142913424603566
Diabetes,Bootstrap,0.25,0.7918836805555556
Diabetes,Bootstrap,0.25,0.744140625
Diabetes,Bootstrap,0.25,0.7591145833333333
Diabetes,Bootstrap,0.25,0.7059461805555556
Diabetes,Bootstrap,0.25,0.7575954861111112
Diabetes,Column-wise,0.25,0.5980902777777778
Diabetes,Column-wise,0.25,0.6323784722222222
Diabetes,Column-wise,0.25,0.7532552083333334
Diabetes,Column-wise,0.25,0.6796874999999999
Diabetes,Column-wise,0.25,0.6749131944444444
Diabetes,GMM,0.25,0.9600694444444444
Diabetes,GMM,0.25,0.9097222222222222
Diabetes,GMM,0.25,0.9403211805555556
Diabetes,GMM,0.25,0.9327256944444444
Diabetes,GMM,0.25,0.9016927083333333
Diabetes,SMOTE,0.25,0.5104166666666667
Diabetes,SMOTE,0.25,0.5766059027777778
Diabetes,SMOTE,0.25,0.5104166666666667
Diabetes,SMOTE,0.25,0.5668402777777778
Diabetes,SMOTE,0.25,0.5536024305555556
Diabetes,GMM-guided SMOTE,0.25,0.5164930555555556
Diabetes,GMM-guided SMOTE,0.25,0.5970052083333334
Diabetes,GMM-guided SMOTE,0.25,0.5325520833333334
Diabetes,GMM-guided SMOTE,0.25,0.5377604166666666
Diabetes,GMM-guided SMOTE,0.25,0.5685763888888888
Diabetes,CVAE,0.25,0.9322916666666666
Diabetes,CVAE,0.25,0.9398871527777778
Diabetes,CVAE,0.25,0.919704861111111
Diabetes,CVAE,0.25,0.9344618055555556
Diabetes,CVAE,0.25,0.878689236111111
Diabetes,Bootstrap,0.5,0.7044270833333334
Diabetes,Bootstrap,0.5,0.6698133680555556
Diabetes,Bootstrap,0.5,0.7037217881944444
Diabetes,Bootstrap,0.5,0.7409396701388888
Diabetes,Bootstrap,0.5,0.6880425347222222
Diabetes,Column-wise,0.5,0.6966145833333334
Diabetes,Column-wise,0.5,0.8155924479166666
Diabetes,Column-wise,0.5,0.7167968750000001
Diabetes,Column-wise,0.5,0.709689670138889
Diabetes,Column-wise,0.5,0.7084418402777779
Diabetes,GMM,0.5,0.9696180555555556
Diabetes,GMM,0.5,0.9646809895833334
Diabetes,GMM,0.5,0.9634331597222222
Diabetes,GMM,0.5,0.9686957465277778
Diabetes,GMM,0.5,0.9767795138888888
Diabetes,SMOTE,0.5,0.6096462673611112
Diabetes,SMOTE,0.5,0.6410590277777777
Diabetes,SMOTE,0.5,0.666232638888889
Diabetes,SMOTE,0.5,0.6459418402777779
Diabetes,SMOTE,0.5,0.6488172743055556
Diabetes,GMM-guided SMOTE,0.5,0.6482204861111112
Diabetes,GMM-guided SMOTE,0.5,0.677734375
Diabetes,GMM-guided SMOTE,0.5,0.64794921875
Diabetes,GMM-guided SMOTE,0.5,0.613552517361111
Diabetes,GMM-guided SMOTE,0.5,0.6228298611111112
Diabetes,CVAE,0.5,0.9364691840277778
Diabetes,CVAE,0.5,0.9335394965277779
Diabetes,CVAE,0.5,0.919650607638889
Diabetes,CVAE,0.5,0.9664713541666666
Diabetes,CVAE,0.5,0.9688042534722222
Diabetes,Bootstrap,0.75,0.6967110339506173
Diabetes,Bootstrap,0.75,0.7263454861111112
Diabetes,Bootstrap,0.75,0.6810860339506173
Diabetes,Bootstrap,0.75,0.7393663194444444
Diabetes,Bootstrap,0.75,0.7048369984567902
Diabetes,Column-wise,0.75,0.77734375
Diabetes,Column-wise,0.75,0.7607542438271605
Diabetes,Column-wise,0.75,0.7665895061728394
Diabetes,Column-wise,0.75,0.8131028163580247
Diabetes,Column-wise,0.75,0.8033371913580247
Diabetes,GMM,0.75,0.9694251543209877
Diabetes,GMM,0.75,0.9757908950617284
Diabetes,GMM,0.75,0.9728973765432098
Diabetes,GMM,0.75,0.9831452546296297
Diabetes,GMM,0.75,0.9839891975308641
Diabetes,SMOTE,0.75,0.6771556712962963
Diabetes,SMOTE,0.75,0.7116367669753086
Diabetes,SMOTE,0.75,0.652367862654321
Diabetes,SMOTE,0.75,0.648509837962963
Diabetes,SMOTE,0.75,0.6827498070987654
Diabetes,GMM-guided SMOTE,0.75,0.6979166666666666
Diabetes,GMM-guided SMOTE,0.75,0.658323688271605
Diabetes,GMM-guided SMOTE,0.75,0.7190634645061728
Diabetes,GMM-guided SMOTE,0.75,0.7138792438271605
Diabetes,GMM-guided SMOTE,0.75,0.7215470679012345
Diabetes,CVAE,0.75,0.9602382330246914
Diabetes,CVAE,0.75,0.9833863811728395
Diabetes,CVAE,0.75,0.9660976080246912
Diabetes,CVAE,0.75,0.9759355709876544
Diabetes,CVAE,0.75,0.9730902777777778
Diabetes,Bootstrap,1.0,0.7204861111111112
Diabetes,Bootstrap,1.0,0.7169189453125
Diabetes,Bootstrap,1.0,0.7595079210069444
Diabetes,Bootstrap,1.0,0.7176106770833333
Diabetes,Bootstrap,1.0,0.7497422960069444
Diabetes,Column-wise,1.0,0.7949083116319444
Diabetes,Column-wise,1.0,0.7735866970486112
Diabetes,Column-wise,1.0,0.7655300564236112
Diabetes,Column-wise,1.0,0.7946641710069445
Diabetes,Column-wise,1.0,0.8035210503472222
Diabetes,GMM,1.0,0.9778510199652777
Diabetes,GMM,1.0,0.9705132378472222
Diabetes,GMM,1.0,0.9786919487847223
Diabetes,GMM,1.0,0.9850260416666667
Diabetes,GMM,1.0,0.9817979600694444
Diabetes,SMOTE,1.0,0.7176513671875001
Diabetes,SMOTE,1.0,0.7022026909722223
Diabetes,SMOTE,1.0,0.7164713541666666
Diabetes,SMOTE,1.0,0.6739908854166666
Diabetes,SMOTE,1.0,0.7247721354166667
Diabetes,GMM-guided SMOTE,1.0,0.740383572048611
Diabetes,GMM-guided SMOTE,1.0,0.6737603081597223
Diabetes,GMM-guided SMOTE,1.0,0.7003580729166666
Diabetes,GMM-guided SMOTE,1.0,0.7005750868055558
Diabetes,GMM-guided SMOTE,1.0,0.6939832899305556
Diabetes,CVAE,1.0,0.9694959852430556
Diabetes,CVAE,1.0,0.9578721788194444
Diabetes,CVAE,1.0,0.979831271701389
Diabetes,CVAE,1.0,0.9766438802083334
Diabetes,CVAE,1.0,0.9735243055555556
