dataset,method,repeat,tstr_f1,trtr_f1
HIV,Bootstrap,0,0.9784172661870504,0.9787994891443168
HIV,Bootstrap,1,0.9714285714285714,0.9574844006568146
HIV,Bootstrap,2,0.9714285714285714,0.9714103265827404
HIV,Bootstrap,3,0.9784172661870504,0.9718518518518519
HIV,Bootstrap,4,0.9714285714285714,0.9653333333333334
HIV,Bootstrap,5,0.9855072463768116,0.9719211822660098
HIV,Bootstrap,6,0.9784172661870504,0.9603345280764636
HIV,Bootstrap,7,0.9714285714285714,0.9496989600437876
HIV,Bootstrap,8,0.9714285714285714,0.9719029374201789
HIV,Bootstrap,9,0.9714285714285714,0.97192118226601
HIV,Bootstrap,10,0.9714285714285714,0.9728735632183909
HIV,Bootstrap,11,0.9714285714285714,0.9594628952804705
HIV,Bootstrap,12,0.9784172661870504,0.9723809523809525
HIV,Bootstrap,13,0.9784172661870504,0.958128078817734
HIV,Bootstrap,14,0.9714285714285714,0.9723627075351213
HIV,Bootstrap,15,0.9714285714285714,0.9713920817369093
HIV,Bootstrap,16,0.9784172661870504,0.9713920817369093
HIV,Bootstrap,17,0.9714285714285714,0.9645137748586023
HIV,Bootstrap,18,0.9784172661870504,0.9713920817369093
HIV,Bootstrap,19,0.9784172661870504,0.9782886334610472
HIV,Column-wise,0,0.9852941176470589,0.9787994891443168
HIV,Column-wise,1,0.9777777777777777,0.9574844006568146
HIV,Column-wise,2,0.9927007299270073,0.9714103265827404
HIV,Column-wise,3,0.9852941176470589,0.9718518518518519
HIV,Column-wise,4,0.9927007299270073,0.9653333333333334
HIV,Column-wise,5,0.9927007299270073,0.9719211822660098
HIV,Column-wise,6,0.9927007299270073,0.9603345280764636
HIV,Column-wise,7,0.9927007299270073,0.9496989600437876
HIV,Column-wise,8,0.9927007299270073,0.9719029374201789
HIV,Column-wise,9,0.9852941176470589,0.97192118226601
HIV,Column-wise,10,0.9852941176470589,0.9728735632183909
HIV,Column-wise,11,0.9852941176470589,0.9594628952804705
HIV,Column-wise,12,0.9927007299270073,0.9723809523809525
HIV,Column-wise,13,0.9927007299270073,0.958128078817734
HIV,Column-wise,14,0.9852941176470589,0.9723627075351213
HIV,Column-wise,15,0.9927007299270073,0.9713920817369093
HIV,Column-wise,16,0.9852941176470589,0.9713920817369093
HIV,Column-wise,17,0.9927007299270073,0.9645137748586023
HIV,Column-wise,18,0.9927007299270073,0.9713920817369093
HIV,Column-wise,19,0.9852941176470589,0.9782886334610472
HIV,GMM,0,0.9784172661870504,0.9787994891443168
HIV,GMM,1,0.9855072463768116,0.9574844006568146
HIV,GMM,2,0.9784172661870504,0.9714103265827404
HIV,GMM,3,0.9784172661870504,0.9718518518518519
HIV,GMM,4,0.9784172661870504,0.9653333333333334
HIV,GMM,5,0.9784172661870504,0.9719211822660098
HIV,GMM,6,0.9855072463768116,0.9603345280764636
HIV,GMM,7,0.9784172661870504,0.9496989600437876
HIV,GMM,8,0.9855072463768116,0.9719029374201789
HIV,GMM,9,0.9784172661870504,0.97192118226601
HIV,GMM,10,0.9855072463768116,0.9728735632183909
HIV,GMM,11,0.9855072463768116,0.9594628952804705
HIV,GMM,12,0.9784172661870504,0.9723809523809525
HIV,GMM,13,0.9784172661870504,0.958128078817734
HIV,GMM,14,0.9784172661870504,0.9723627075351213
HIV,GMM,15,0.9784172661870504,0.9713920817369093
HIV,GMM,16,0.9855072463768116,0.9713920817369093
HIV,GMM,17,0.9784172661870504,0.9645137748586023
HIV,GMM,18,0.9784172661870504,0.9713920817369093
HIV,GMM,19,0.9784172661870504,0.9782886334610472
HIV,SMOTE,0,0.9640287769784173,0.9787994891443168
HIV,SMOTE,1,0.9710144927536232,0.9574844006568146
HIV,SMOTE,2,0.9710144927536232,0.9714103265827404
HIV,SMOTE,3,0.9710144927536232,0.9718518518518519
HIV,SMOTE,4,0.9710144927536232,0.9653333333333334
HIV,SMOTE,5,0.9781021897810219,0.9719211822660098
HIV,SMOTE,6,0.9781021897810219,0.9603345280764636
HIV,SMOTE,7,0.9710144927536232,0.9496989600437876
HIV,SMOTE,8,0.9640287769784173,0.9719029374201789
HIV,SMOTE,9,0.9781021897810219,0.97192118226601
HIV,SMOTE,10,0.9781021897810219,0.9728735632183909
HIV,SMOTE,11,0.9710144927536232,0.9594628952804705
HIV,SMOTE,12,0.9710144927536232,0.9723809523809525
HIV,SMOTE,13,0.9710144927536232,0.958128078817734
HIV,SMOTE,14,0.9781021897810219,0.9723627075351213
HIV,SMOTE,15,0.9781021897810219,0.9713920817369093
HIV,SMOTE,16,0.9781021897810219,0.9713920817369093
HIV,SMOTE,17,0.9710144927536232,0.9645137748586023
HIV,SMOTE,18,0.9781021897810219,0.9713920817369093
HIV,SMOTE,19,0.9710144927536232,0.9782886334610472
HIV,GMM-guided SMOTE,0,0.9784172661870504,0.9787994891443168
HIV,GMM-guided SMOTE,1,0.9784172661870504,0.9574844006568146
HIV,GMM-guided SMOTE,2,0.9855072463768116,0.9714103265827404
HIV,GMM-guided SMOTE,3,0.9855072463768116,0.9718518518518519
HIV,GMM-guided SMOTE,4,0.9855072463768116,0.9653333333333334
HIV,GMM-guided SMOTE,5,0.9784172661870504,0.9719211822660098
HIV,GMM-guided SMOTE,6,0.9855072463768116,0.9603345280764636
HIV,GMM-guided SMOTE,7,0.9784172661870504,0.9496989600437876
HIV,GMM-guided SMOTE,8,0.9784172661870504,0.9719029374201789
HIV,GMM-guided SMOTE,9,0.9784172661870504,0.97192118226601
HIV,GMM-guided SMOTE,10,0.9855072463768116,0.9728735632183909
HIV,GMM-guided SMOTE,11,0.9784172661870504,0.9594628952804705
HIV,GMM-guided SMOTE,12,0.9855072463768116,0.9723809523809525
HIV,GMM-guided SMOTE,13,0.9784172661870504,0.958128078817734
HIV,GMM-guided SMOTE,14,0.9855072463768116,0.9723627075351213
HIV,GMM-guided SMOTE,15,0.9855072463768116,0.9713920817369093
HIV,GMM-guided SMOTE,16,0.9710144927536232,0.9713920817369093
HIV,GMM-guided SMOTE,17,0.9855072463768116,0.9645137748586023
HIV,GMM-guided SMOTE,18,0.9784172661870504,0.9713920817369093
HIV,GMM-guided SMOTE,19,0.9784172661870504,0.9782886334610472
HIV,CVAE,0,0.9640287769784173,0.9787994891443168
HIV,CVAE,1,0.9640287769784173,0.9574844006568146
HIV,CVAE,2,0.9635036496350365,0.9714103265827404
HIV,CVAE,3,0.9571428571428572,0.9718518518518519
HIV,CVAE,4,0.9640287769784173,0.9653333333333334
HIV,CVAE,5,0.9710144927536232,0.9719211822660098
HIV,CVAE,6,0.9571428571428572,0.9603345280764636
HIV,CVAE,7,0.9640287769784173,0.9496989600437876
HIV,CVAE,8,0.9571428571428572,0.9719029374201789
HIV,CVAE,9,0.9640287769784173,0.97192118226601
HIV,CVAE,10,0.9571428571428572,0.9728735632183909
HIV,CVAE,11,0.9640287769784173,0.9594628952804705
HIV,CVAE,12,0.9710144927536232,0.9723809523809525
HIV,CVAE,13,0.9640287769784173,0.958128078817734
HIV,CVAE,14,0.9640287769784173,0.9723627075351213
HIV,CVAE,15,0.9640287769784173,0.9713920817369093
HIV,CVAE,16,0.9640287769784173,0.9713920817369093
HIV,CVAE,17,0.9640287769784173,0.9645137748586023
HIV,CVAE,18,0.9496402877697842,0.9713920817369093
HIV,CVAE,19,0.9640287769784173,0.9782886334610472
Breast Cancer,Bootstrap,0,0.988795518207283,0.9693090695899409
Breast Cancer,Bootstrap,1,0.988795518207283,0.9708217339834629
Breast Cancer,Bootstrap,2,0.988795518207283,0.9693457004384639
Breast Cancer,Bootstrap,3,0.9873772791023843,0.9721019255727505
Breast Cancer,Bootstrap,4,0.988795518207283,0.9653388938833949
Breast Cancer,Bootstrap,5,0.988795518207283,0.9651268184702835
Breast Cancer,Bootstrap,6,0.988795518207283,0.9760991556439162
Breast Cancer,Bootstrap,7,0.9859550561797753,0.966544694946722
Breast Cancer,Bootstrap,8,0.9902097902097902,0.9667799902865468
Breast Cancer,Bootstrap,9,0.988795518207283,0.9696248109727529
Breast Cancer,Bootstrap,10,0.9874125874125874,0.9679932432166384
Breast Cancer,Bootstrap,11,0.988795518207283,0.9708713059980912
Breast Cancer,Bootstrap,12,0.9873772791023843,0.9664538468160264
Breast Cancer,Bootstrap,13,0.9859943977591037,0.9679659653137277
Breast Cancer,Bootstrap,14,0.9873772791023843,0.9707574934276237
Breast Cancer,Bootstrap,15,0.9874125874125874,0.9705158896269095
Breast Cancer,Bootstrap,16,0.988795518207283,0.9705801880897432
Breast Cancer,Bootstrap,17,0.9902097902097902,0.9677908494049359
Breast Cancer,Bootstrap,18,0.988795518207283,0.9708620689655172
Breast Cancer,Bootstrap,19,0.988795518207283,0.9666815530600982
Breast Cancer,Column-wise,0,0.9531914893617022,0.9693090695899409
Breast Cancer,Column-wise,1,0.9544159544159544,0.9708217339834629
Breast Cancer,Column-wise,2,0.9502133712660028,0.9693457004384639
Breast Cancer,Column-wise,3,0.9518413597733711,0.9721019255727505
Breast Cancer,Column-wise,4,0.9517045454545454,0.9653388938833949
Breast Cancer,Column-wise,5,0.9530583214793741,0.9651268184702835
Breast Cancer,Column-wise,6,0.9517045454545454,0.9760991556439162
Breast Cancer,Column-wise,7,0.9545454545454546,0.966544694946722
Breast Cancer,Column-wise,8,0.9531914893617022,0.9667799902865468
Breast Cancer,Column-wise,9,0.9545454545454546,0.9696248109727529
Breast Cancer,Column-wise,10,0.950354609929078,0.9679932432166384
Breast Cancer,Column-wise,11,0.9544159544159544,0.9708713059980912
Breast Cancer,Column-wise,12,0.9530583214793741,0.9664538468160264
Breast Cancer,Column-wise,13,0.9544159544159544,0.9679659653137277
Breast Cancer,Column-wise,14,0.9530583214793741,0.9707574934276237
Breast Cancer,Column-wise,15,0.950354609929078,0.9705158896269095
Breast Cancer,Column-wise,16,0.950354609929078,0.9705801880897432
Breast Cancer,Column-wise,17,0.9517045454545454,0.9677908494049359
Breast Cancer,Column-wise,18,0.9559032716927454,0.9708620689655172
Breast Cancer,Column-wise,19,0.9514285714285714,0.9666815530600982
Breast Cancer,GMM,0,0.9578651685393258,0.9693090695899409
Breast Cancer,GMM,1,0.9565217391304348,0.9708217339834629
Breast Cancer,GMM,2,0.9593267882187938,0.9693457004384639
Breast Cancer,GMM,3,0.9593267882187938,0.9721019255727505
Breast Cancer,GMM,4,0.9563994374120957,0.9653388938833949
Breast Cancer,GMM,5,0.9592123769338959,0.9651268184702835
Breast Cancer,GMM,6,0.9565217391304348,0.9760991556439162
Breast Cancer,GMM,7,0.9563994374120957,0.966544694946722
Breast Cancer,GMM,8,0.9578651685393258,0.9667799902865468
Breast Cancer,GMM,9,0.9592123769338959,0.9696248109727529
Breast Cancer,GMM,10,0.9563994374120957,0.9679932432166384
Breast Cancer,GMM,11,0.9563994374120957,0.9708713059980912
Breast Cancer,GMM,12,0.9565217391304348,0.9664538468160264
Breast Cancer,GMM,13,0.9565217391304348,0.9679659653137277
Breast Cancer,GMM,14,0.957983193277311,0.9707574934276237
Breast Cancer,GMM,15,0.9565217391304348,0.9705158896269095
Breast Cancer,GMM,16,0.9578651685393258,0.9705801880897432
Breast Cancer,GMM,17,0.9565217391304348,0.9677908494049359
Breast Cancer,GMM,18,0.9551820728291317,0.9708620689655172
Breast Cancer,GMM,19,0.9577464788732394,0.9666815530600982
Breast Cancer,SMOTE,0,0.9875173370319001,0.9693090695899409
Breast Cancer,SMOTE,1,0.9861111111111112,0.9708217339834629
Breast Cancer,SMOTE,2,0.9833795013850416,0.9693457004384639
Breast Cancer,SMOTE,3,0.984743411927878,0.9721019255727505
Breast Cancer,SMOTE,4,0.9833333333333333,0.9653388938833949
Breast Cancer,SMOTE,5,0.9819694868238558,0.9651268184702835
Breast Cancer,SMOTE,6,0.984743411927878,0.9760991556439162
Breast Cancer,SMOTE,7,0.984743411927878,0.966544694946722
Breast Cancer,SMOTE,8,0.9861111111111112,0.9667799902865468
Breast Cancer,SMOTE,9,0.984743411927878,0.9696248109727529
Breast Cancer,SMOTE,10,0.9833333333333333,0.9679932432166384
Breast Cancer,SMOTE,11,0.984743411927878,0.9708713059980912
Breast Cancer,SMOTE,12,0.9860724233983287,0.9664538468160264
Breast Cancer,SMOTE,13,0.9833333333333333,0.9679659653137277
Breast Cancer,SMOTE,14,0.9847009735744089,0.9707574934276237
Breast Cancer,SMOTE,15,0.984743411927878,0.9705158896269095
Breast Cancer,SMOTE,16,0.984743411927878,0.9705801880897432
Breast Cancer,SMOTE,17,0.9819694868238558,0.9677908494049359
Breast Cancer,SMOTE,18,0.9819694868238558,0.9708620689655172
Breast Cancer,SMOTE,19,0.9833795013850416,0.9666815530600982
Breast Cancer,GMM-guided SMOTE,0,0.9666666666666667,0.9693090695899409
Breast Cancer,GMM-guided SMOTE,1,0.9722222222222222,0.9708217339834629
Breast Cancer,GMM-guided SMOTE,2,0.9680998613037448,0.9693457004384639
Breast Cancer,GMM-guided SMOTE,3,0.9694444444444444,0.9721019255727505
Breast Cancer,GMM-guided SMOTE,4,0.9707927677329624,0.9653388938833949
Breast Cancer,GMM-guided SMOTE,5,0.9707927677329624,0.9651268184702835
Breast Cancer,GMM-guided SMOTE,6,0.9722222222222222,0.9760991556439162
Breast Cancer,GMM-guided SMOTE,7,0.9707112970711297,0.966544694946722
Breast Cancer,GMM-guided SMOTE,8,0.9707927677329624,0.9667799902865468
Breast Cancer,GMM-guided SMOTE,9,0.9693593314763231,0.9696248109727529
Breast Cancer,GMM-guided SMOTE,10,0.9694444444444444,0.9679932432166384
Breast Cancer,GMM-guided SMOTE,11,0.9694444444444444,0.9708713059980912
Breast Cancer,GMM-guided SMOTE,12,0.9735744089012517,0.9664538468160264
Breast Cancer,GMM-guided SMOTE,13,0.9693593314763231,0.9679659653137277
Breast Cancer,GMM-guided SMOTE,14,0.9694444444444444,0.9707574934276237
Breast Cancer,GMM-guided SMOTE,15,0.9680111265646731,0.9705158896269095
Breast Cancer,GMM-guided SMOTE,16,0.9707927677329624,0.9705801880897432
Breast Cancer,GMM-guided SMOTE,17,0.9707112970711297,0.9677908494049359
Breast Cancer,GMM-guided SMOTE,18,0.9735744089012517,0.9708620689655172
Breast Cancer,GMM-guided SMOTE,19,0.9694444444444444,0.9666815530600982
Breast Cancer,CVAE,0,0.9627586206896551,0.9693090695899409
Breast Cancer,CVAE,1,0.9614325068870524,0.9708217339834629
Breast Cancer,CVAE,2,0.9573590096286108,0.9693457004384639
Breast Cancer,CVAE,3,0.9574759945130316,0.9721019255727505
Breast Cancer,CVAE,4,0.9627586206896551,0.9653388938833949
Breast Cancer,CVAE,5,0.9614325068870524,0.9651268184702835
Breast Cancer,CVAE,6,0.9629629629629629,0.9760991556439162
Breast Cancer,CVAE,7,0.9601100412654745,0.966544694946722
Breast Cancer,CVAE,8,0.9587912087912088,0.9667799902865468
Breast Cancer,CVAE,9,0.9586776859504132,0.9696248109727529
Breast Cancer,CVAE,10,0.9601100412654745,0.9679932432166384
Breast Cancer,CVAE,11,0.9613259668508287,0.9708713059980912
Breast Cancer,CVAE,12,0.9627586206896551,0.9664538468160264
Breast Cancer,CVAE,13,0.9614325068870524,0.9679659653137277
Breast Cancer,CVAE,14,0.9628610729023384,0.9707574934276237
Breast Cancer,CVAE,15,0.9602194787379973,0.9705158896269095
Breast Cancer,CVAE,16,0.9627586206896551,0.9705801880897432
Breast Cancer,CVAE,17,0.9627586206896551,0.9677908494049359
Breast Cancer,CVAE,18,0.96,0.9708620689655172
Breast Cancer,CVAE,19,0.9614325068870524,0.9666815530600982
Diabetes,Bootstrap,0,0.8587570621468926,0.6359960861930593
Diabetes,Bootstrap,1,0.8544423440453687,0.6296346279644762
Diabetes,Bootstrap,2,0.8587570621468926,0.6210862729012853
Diabetes,Bootstrap,3,0.8657844990548205,0.6451070392839708
Diabetes,Bootstrap,4,0.8598484848484849,0.6362267885082725
Diabetes,Bootstrap,5,0.8603773584905661,0.6255585478845398
Diabetes,Bootstrap,6,0.8566037735849057,0.6435508539302139
Diabetes,Bootstrap,7,0.8528301886792453,0.6159927967683466
Diabetes,Bootstrap,8,0.8549905838041432,0.649232335415272
Diabetes,Bootstrap,9,0.8593155893536122,0.6348353685070081
Diabetes,Bootstrap,10,0.8517110266159695,0.6365191768940761
Diabetes,Bootstrap,11,0.8560606060606061,0.6275005117364929
Diabetes,Bootstrap,12,0.8560606060606061,0.6172505397693369
Diabetes,Bootstrap,13,0.8587570621468926,0.6337125422251281
Diabetes,Bootstrap,14,0.8587570621468926,0.6279664995529702
Diabetes,Bootstrap,15,0.8544423440453687,0.6291838540516805
Diabetes,Bootstrap,16,0.8582230623818525,0.6008207399687338
Diabetes,Bootstrap,17,0.8598484848484849,0.6181328578875844
Diabetes,Bootstrap,18,0.8500948766603416,0.6274351146454851
Diabetes,Bootstrap,19,0.8528301886792453,0.6365643879667371
Diabetes,Column-wise,0,0.6527514231499051,0.6359960861930593
Diabetes,Column-wise,1,0.6564885496183206,0.6296346279644762
Diabetes,Column-wise,2,0.6565464895635673,0.6210862729012853
Diabetes,Column-wise,3,0.6590909090909091,0.6451070392839708
Diabetes,Column-wise,4,0.665406427221172,0.6362267885082725
Diabetes,Column-wise,5,0.6716981132075471,0.6255585478845398
Diabetes,Column-wise,6,0.6604127579737336,0.6435508539302139
Diabetes,Column-wise,7,0.6666666666666666,0.6159927967683466
Diabetes,Column-wise,8,0.6679245283018868,0.649232335415272
Diabetes,Column-wise,9,0.6666666666666666,0.6348353685070081
Diabetes,Column-wise,10,0.6679174484052532,0.6365191768940761
Diabetes,Column-wise,11,0.6641651031894934,0.6275005117364929
Diabetes,Column-wise,12,0.6654135338345865,0.6172505397693369
Diabetes,Column-wise,13,0.6679174484052532,0.6337125422251281
Diabetes,Column-wise,14,0.6704331450094162,0.6279664995529702
Diabetes,Column-wise,15,0.6654135338345865,0.6291838540516805
Diabetes,Column-wise,16,0.6666666666666666,0.6008207399687338
Diabetes,Column-wise,17,0.6578449905482041,0.6181328578875844
Diabetes,Column-wise,18,0.659047619047619,0.6274351146454851
Diabetes,Column-wise,19,0.6641509433962264,0.6365643879667371
Diabetes,GMM,0,0.6599597585513078,0.6359960861930593
Diabetes,GMM,1,0.6517311608961304,0.6296346279644762
Diabetes,GMM,2,0.6585365853658537,0.6210862729012853
Diabetes,GMM,3,0.6639676113360324,0.6451070392839708
Diabetes,GMM,4,0.6612903225806451,0.6362267885082725
Diabetes,GMM,5,0.6519114688128773,0.6255585478845398
Diabetes,GMM,6,0.6544715447154471,0.6435508539302139
Diabetes,GMM,7,0.657258064516129,0.6159927967683466
Diabetes,GMM,8,0.6639511201629328,0.649232335415272
Diabetes,GMM,9,0.6558704453441295,0.6348353685070081
Diabetes,GMM,10,0.6532258064516129,0.6365191768940761
Diabetes,GMM,11,0.6653225806451613,0.6275005117364929
Diabetes,GMM,12,0.6519114688128773,0.6172505397693369
Diabetes,GMM,13,0.648870636550308,0.6337125422251281
Diabetes,GMM,14,0.6558044806517311,0.6279664995529702
Diabetes,GMM,15,0.6733466933867736,0.6291838540516805
Diabetes,GMM,16,0.6504065040650406,0.6008207399687338
Diabetes,GMM,17,0.6626262626262627,0.6181328578875844
Diabetes,GMM,18,0.6546184738955824,0.6274351146454851
Diabetes,GMM,19,0.656,0.6365643879667371
Diabetes,SMOTE,0,0.7692307692307693,0.6359960861930593
Diabetes,SMOTE,1,0.7575150300601202,0.6296346279644762
Diabetes,SMOTE,2,0.7595959595959596,0.6210862729012853
Diabetes,SMOTE,3,0.7565392354124748,0.6451070392839708
Diabetes,SMOTE,4,0.7565392354124748,0.6362267885082725
Diabetes,SMOTE,5,0.7555555555555555,0.6255585478845398
Diabetes,SMOTE,6,0.7605633802816901,0.6435508539302139
Diabetes,SMOTE,7,0.76,0.6159927967683466
Diabetes,SMOTE,8,0.7645875251509054,0.649232335415272
Diabetes,SMOTE,9,0.7649402390438247,0.6348353685070081
Diabetes,SMOTE,10,0.7645875251509054,0.6365191768940761
Diabetes,SMOTE,11,0.7601626016260162,0.6275005117364929
Diabetes,SMOTE,12,0.7615230460921844,0.6172505397693369
Diabetes,SMOTE,13,0.7580645161290323,0.6337125422251281
Diabetes,SMOTE,14,0.7580645161290323,0.6279664995529702
Diabetes,SMOTE,15,0.7575150300601202,0.6291838540516805
Diabetes,SMOTE,16,0.7555555555555555,0.6008207399687338
Diabetes,SMOTE,17,0.7586206896551724,0.6181328578875844
Diabetes,SMOTE,18,0.7575150300601202,0.6274351146454851
Diabetes,SMOTE,19,0.7555555555555555,0.6365643879667371
Diabetes,GMM-guided SMOTE,0,0.7657841140529531,0.6359960861930593
Diabetes,GMM-guided SMOTE,1,0.7682926829268293,0.6296346279644762
Diabetes,GMM-guided SMOTE,2,0.7591836734693878,0.6210862729012853
Diabetes,GMM-guided SMOTE,3,0.763265306122449,0.6451070392839708
Diabetes,GMM-guided SMOTE,4,0.7730061349693251,0.6362267885082725
Diabetes,GMM-guided SMOTE,5,0.7581967213114754,0.6255585478845398
Diabetes,GMM-guided SMOTE,6,0.7607361963190185,0.6435508539302139
Diabetes,GMM-guided SMOTE,7,0.7663934426229508,0.6159927967683466
Diabetes,GMM-guided SMOTE,8,0.7764227642276422,0.649232335415272
Diabetes,GMM-guided SMOTE,9,0.756198347107438,0.6348353685070081
Diabetes,GMM-guided SMOTE,10,0.7622950819672131,0.6365191768940761
Diabetes,GMM-guided SMOTE,11,0.7723577235772358,0.6275005117364929
Diabetes,GMM-guided SMOTE,12,0.7654320987654321,0.6172505397693369
Diabetes,GMM-guided SMOTE,13,0.769857433808554,0.6337125422251281
Diabetes,GMM-guided SMOTE,14,0.7663934426229508,0.6279664995529702
Diabetes,GMM-guided SMOTE,15,0.7789046653144016,0.6291838540516805
Diabetes,GMM-guided SMOTE,16,0.7540983606557377,0.6008207399687338
Diabetes,GMM-guided SMOTE,17,0.7587628865979381,0.6181328578875844
Diabetes,GMM-guided SMOTE,18,0.7764227642276422,0.6274351146454851
Diabetes,GMM-guided SMOTE,19,0.7682926829268293,0.6365643879667371
Diabetes,CVAE,0,0.6177105831533477,0.6359960861930593
Diabetes,CVAE,1,0.6030368763557483,0.6296346279644762
Diabetes,CVAE,2,0.6136865342163356,0.6210862729012853
Diabetes,CVAE,3,0.6153846153846154,0.6451070392839708
Diabetes,CVAE,4,0.6190476190476191,0.6362267885082725
Diabetes,CVAE,5,0.6170678336980306,0.6255585478845398
Diabetes,CVAE,6,0.6061946902654868,0.6435508539302139
Diabetes,CVAE,7,0.6086956521739131,0.6159927967683466
Diabetes,CVAE,8,0.610752688172043,0.649232335415272
Diabetes,CVAE,9,0.6021978021978022,0.6348353685070081
Diabetes,CVAE,10,0.6004415011037527,0.6365191768940761
Diabetes,CVAE,11,0.6065934065934065,0.6275005117364929
Diabetes,CVAE,12,0.6381156316916489,0.6172505397693369
Diabetes,CVAE,13,0.6047516198704104,0.6337125422251281
Diabetes,CVAE,14,0.6163793103448276,0.6279664995529702
Diabetes,CVAE,15,0.6083150984682714,0.6291838540516805
Diabetes,CVAE,16,0.6136865342163356,0.6008207399687338
Diabetes,CVAE,17,0.6147186147186147,0.6181328578875844
Diabetes,CVAE,18,0.6223175965665236,0.6274351146454851
Diabetes,CVAE,19,0.6193548387096774,0.6365643879667371
